year,STATION_CODE_numeric,LOCATIONS_numeric,STATE_numeric,Temp_numeric,DO_mgl_numeric,PH_numeric,CONDUCTIVITY_mhoscm_numeric,BOD_mgl_numeric,NITRATENAN_N_NITRITENANN_mgl_numeric,FECAL_COLIFORM_MPN100ml_numeric,TOTAL_COLIFORM_MPN100mlMean_numeric
2014,32,83,21,163,100,179,313,407,13,81,429
2014,33,664,51,155,69,150,287,177,48,657,1012
2014,56,665,51,151,84,114,259,81,13,501,768
2014,260,495,51,154,70,114,797,274,137,687,1016
2014,261,496,51,151,70,160,915,95,113,525,790
2014,34,275,51,157,65,170,903,69,13,443,632
2014,57,277,51,148,77,99,482,64,84,516,802
2014,264,471,51,152,87,99,604,39,48,720,1067
2014,265,472,51,157,87,189,477,192,13,530,733
2014,266,473,51,158,84,189,881,197,13,409,661
2014,58,459,51,125,119,141,252,50,13,629,976
2014,63,445,51,126,100,79,971,64,13,335,551
2014,138,451,51,149,129,108,89,81,113,98,261
2014,137,453,51,148,109,128,782,46,13,535,863
2014,268,452,51,157,73,179,849,74,48,660,1071
2014,61,465,51,145,127,128,395,69,48,80,395
2014,132,463,51,147,127,128,283,39,13,132,494
2014,134,466,51,139,114,114,354,50,84,567,903
2014,60,470,51,139,127,99,181,69,13,293,498
2014,136,474,51,151,60,108,501,90,84,738,13
2014,133,484,51,145,84,79,892,74,256,782,107
2014,135,482,51,150,62,189,577,64,13,490,870
2014,262,480,51,133,20,84,504,316,236,87,171
2014,263,481,51,158,59,141,294,206,84,668,1037
2014,269,485,51,160,67,179,442,90,13,496,747
2014,270,486,51,162,65,170,432,69,13,637,1024
2014,62,490,51,147,127,99,724,64,13,414,628
2014,267,491,51,158,91,179,605,177,13,823,187
2014,59,493,51,148,124,78,1,69,13,796,131
2014,194,12,79,86,95,207,979,318,48,214,579
2014,53,41,79,152,109,218,998,332,113,191,545
2014,195,44,79,117,105,199,923,336,84,81,369
2014,196,45,79,125,100,207,899,318,84,105,468
2014,4,206,79,163,56,160,581,99,290,482,1004
2014,197,209,79,85,67,218,653,268,296,743,218
2014,11,244,79,85,87,189,718,345,159,362,684
2014,130,246,79,85,65,170,778,381,229,612,901
2014,198,249,79,88,60,199,381,406,236,207,492
2014,199,247,79,86,100,189,915,317,48,433,967
2014,129,300,79,97,34,170,630,280,360,428,712
2014,200,303,79,51,124,199,358,256,190,869,111
2014,10,359,79,117,72,170,426,361,113,547,907
2014,54,362,79,112,62,179,383,375,264,710,63
2014,201,364,79,113,70,160,571,338,159,547,973
2014,202,371,79,116,72,170,427,334,236,521,833
2014,203,368,79,111,73,160,427,390,113,493,814
2014,204,369,79,113,77,160,301,357,137,467,862
2014,205,366,79,111,72,170,427,361,113,279,708
2014,206,377,79,62,84,207,353,313,206,191,523
2014,131,517,79,134,100,160,970,265,290,869,1
2014,207,519,79,127,105,150,244,256,256,869,1
2014,208,518,79,120,105,160,607,263,273,869,1
2014,209,515,79,126,109,160,618,263,273,869,1
2014,210,516,79,128,109,160,730,264,282,869,1
2014,211,533,79,112,105,218,715,318,190,191,446
2014,212,531,79,120,95,235,221,313,84,214,523
2014,213,530,79,116,100,232,156,332,84,165,535
2014,214,565,79,125,100,207,903,318,84,165,560
2014,5,600,79,127,72,199,297,340,159,341,748
2014,6,598,79,128,84,189,277,313,159,138,505
2014,127,604,79,137,95,189,323,316,175,105,505
2014,215,632,79,110,105,199,923,332,113,191,545
2014,128,653,79,65,119,170,252,210,206,869,484
2014,216,648,79,65,114,170,255,210,206,869,626
2014,217,649,79,65,124,150,261,210,220,869,928
2014,30,6,66,86,100,179,923,64,220,269,646
2014,45,1,66,81,70,170,881,64,190,442,922
2014,313,2,66,93,95,179,868,64,175,269,683
2014,314,3,66,83,100,179,907,64,220,217,678
2014,152,392,66,116,100,114,732,30,48,806,238
2014,163,392,66,119,91,99,355,50,48,159,492
2014,141,393,66,87,84,114,854,74,1,794,305
2014,165,394,66,156,114,170,128,23,13,471,825
2014,166,395,66,155,95,199,293,74,48,544,894
2014,12,57,66,125,109,114,143,46,113,393,767
2014,116,62,66,106,114,179,899,25,113,404,577
2014,126,59,66,94,100,170,188,25,159,170,292
2014,312,63,66,102,124,170,907,23,137,815,116
2014,73,65,66,155,130,150,813,46,13,783,825
2014,74,69,66,137,27,92,986,81,236,390,766
2014,150,396,66,110,72,170,260,23,137,277,449
2014,65,397,66,96,100,179,955,74,206,303,711
2014,142,398,66,71,77,170,631,177,273,386,789
2014,67,401,66,160,100,114,935,81,48,203,561
2014,148,399,66,164,109,108,923,74,48,806,315
2014,171,402,66,139,19,108,5,74,190,608,923
2014,172,403,66,130,22,114,915,95,84,538,888
2014,318,202,66,83,124,189,868,64,220,276,651
2014,149,404,66,100,35,199,503,50,206,578,838
2014,311,204,66,148,77,189,441,50,175,560,943
2014,309,212,66,104,100,189,26,12,375,612,937
2014,72,406,66,161,133,141,742,50,13,224,1078
2014,13,211,66,90,14,199,456,248,390,77,594
2014,316,460,66,86,129,128,537,1,1,229,637
2014,144,408,66,144,87,150,787,56,113,109,769
2014,156,409,66,142,62,99,802,46,84,715,153
2014,146,410,66,149,67,160,955,74,113,418,934
2014,164,411,66,151,119,232,852,50,113,551,924
2014,70,414,66,134,72,108,163,69,113,759,223
2014,153,412,66,110,129,114,739,46,84,759,204
2014,68,416,66,94,124,150,599,23,48,614,889
2014,69,418,66,104,91,170,846,17,84,595,931
2014,140,419,66,88,105,141,903,25,1,566,101
2014,28,281,66,130,105,114,817,81,13,621,893
2014,31,283,66,135,95,128,839,64,13,694,1002
2014,310,288,66,120,87,199,1,17,206,697,1029
2014,162,420,66,145,127,114,983,95,48,831,1003
2014,27,295,66,119,105,92,666,12,113,246,476
2014,159,421,66,157,67,150,388,185,84,840,682
2014,319,307,66,125,109,108,747,17,137,285,542
2014,157,423,66,159,119,108,184,90,13,741,707
2014,71,425,66,165,79,150,360,69,13,864,780
2014,64,427,66,88,100,141,808,17,1,346,859
2014,139,428,66,88,124,128,747,17,1,229,665
2014,143,429,66,94,73,189,86,56,229,329,760
2014,14,348,66,113,59,108,724,17,175,245,513
2014,29,351,66,128,50,108,929,23,190,319,538
2014,66,353,66,133,37,114,781,12,175,203,457
2014,88,388,66,128,55,114,500,90,113,452,898
2014,99,382,66,121,114,128,545,46,48,428,779
2014,26,386,66,127,84,114,797,50,84,557,996
2014,167,477,66,130,79,114,929,56,48,549,7
2014,168,478,66,127,69,108,420,95,137,561,966
2014,169,430,66,128,69,114,706,256,113,704,80
2014,170,431,66,128,95,141,308,56,48,539,979
2014,315,383,66,128,95,128,645,56,84,359,710
2014,155,432,66,116,91,84,620,30,113,824,275
2014,158,433,66,133,100,78,716,30,13,159,846
2014,145,434,66,147,44,150,61,90,113,276,984
2014,154,435,66,139,48,99,105,69,159,771,236
2014,160,436,66,135,135,114,775,74,1,828,794
2014,151,437,66,104,70,84,775,39,113,759,177
2014,147,438,66,167,47,114,222,185,159,143,370
2014,161,439,66,162,109,150,327,56,48,91,877
2014,317,492,66,142,95,128,186,30,84,693,15
2014,44,640,66,88,109,179,716,17,1,492,216
2014,46,195,65,112,127,160,42,200,426,261,883
2014,218,197,65,100,130,179,915,185,346,341,958
2014,110,240,65,147,87,150,8,39,1,160,83
2014,109,338,65,134,91,141,966,39,1,203,125
2014,175,50,105,82,135,218,367,56,190,479,633
2014,176,48,105,79,130,207,701,185,175,564,770
2014,177,462,105,63,127,150,13,23,282,651,138
2014,174,317,105,83,129,218,301,23,159,685,183
2014,83,315,105,77,129,207,389,95,220,321,94
2014,84,320,105,64,130,232,386,81,206,827,491
2014,49,502,105,109,124,232,459,69,175,184,663
2014,50,499,105,117,95,207,401,69,206,237,649
2014,178,643,105,88,130,218,297,39,220,453,1020
2014,179,644,105,112,129,218,244,25,206,656,226
2014,85,23,116,145,165,160,574,407,48,869,1094
2014,182,72,116,85,72,218,344,407,13,869,1094
2014,180,113,116,85,91,160,344,407,13,869,1094
2014,181,113,116,85,91,199,423,407,13,869,1094
2014,183,270,116,170,73,141,131,407,113,869,1094
2014,107,456,55,178,165,265,1004,407,506,869,1094
2014,0,129,117,63,70,150,798,356,457,178,635
2014,1,116,117,28,50,189,43,227,435,477,762
2014,22,148,117,65,65,160,844,98,470,312,784
2014,55,132,117,77,56,170,154,233,482,425,741
2014,86,73,117,82,65,170,865,98,485,111,474
2014,87,592,117,85,55,189,993,150,485,86,336
2014,89,74,117,56,54,199,159,251,501,602,947
2014,90,75,117,78,55,160,30,170,487,334,623
2014,91,593,117,68,60,150,989,122,482,488,941
2014,92,149,117,34,54,199,172,221,454,435,729
2014,93,78,117,52,41,179,6,231,485,536,809
2014,94,596,117,39,50,170,926,157,464,317,604
2014,2,143,55,178,165,242,1004,175,1,869,1094
2014,3,146,55,178,165,218,1004,164,1,869,1094
2014,96,110,149,172,38,108,558,255,190,575,1041
2014,105,476,56,71,137,207,564,56,113,832,233
2014,192,293,56,76,135,199,540,56,84,105,345
2014,193,292,56,80,133,218,530,74,113,105,345
2014,106,193,55,178,165,150,1004,395,1,869,1094
2014,104,488,56,18,46,141,827,322,236,840,357
2014,249,457,149,86,72,232,591,30,175,575,172
2014,95,233,149,58,73,150,26,25,113,575,172
2014,250,446,149,73,67,218,508,46,190,575,625
2014,251,468,149,76,79,235,751,39,175,575,832
2014,307,53,88,90,124,179,80,197,440,507,958
2014,308,52,88,86,124,179,86,197,450,482,901
2014,304,101,88,87,130,160,907,90,390,467,928
2014,81,112,88,67,130,179,56,200,404,455,744
2014,39,259,88,40,60,45,917,381,416,261,579
2014,293,256,88,20,124,150,732,81,381,323,645
2014,294,254,88,31,130,150,808,74,375,341,674
2014,295,255,88,77,137,128,860,197,457,433,33
2014,299,265,88,43,100,27,147,263,229,758,205
2014,300,266,88,48,127,92,431,203,369,254,611
2014,305,271,88,100,129,160,813,90,375,395,788
2014,306,272,88,90,124,170,907,177,390,406,845
2014,301,309,88,39,127,141,724,95,375,383,765
2014,302,308,88,42,127,141,739,177,369,383,735
2014,80,312,88,33,95,141,64,206,390,333,508
2014,303,310,88,47,127,62,732,90,352,214,545
2014,291,341,88,30,56,128,24,268,464,537,974
2014,292,341,88,20,127,141,693,74,369,279,626
2014,296,443,88,35,135,150,685,74,346,279,579
2014,82,523,88,73,133,160,66,185,438,471,763
2014,277,606,88,19,79,128,903,200,474,543,982
2014,278,608,88,26,124,141,808,95,426,433,862
2014,279,605,88,27,129,141,739,69,396,138,626
2014,280,607,88,86,130,170,181,81,431,406,824
2014,274,611,88,26,119,141,787,95,480,341,715
2014,275,610,88,41,127,150,802,95,419,383,715
2014,276,612,88,39,127,160,802,177,404,395,774
2014,283,613,88,23,11,114,532,285,332,367,549
2014,284,616,88,26,37,141,369,157,307,144,352
2014,285,615,88,20,7,150,564,354,401,649,1008
2014,286,614,88,23,6,150,691,370,344,734,27
2014,281,618,88,19,124,128,808,95,438,433,833
2014,282,617,88,57,135,150,781,74,404,419,824
2014,287,623,88,12,127,114,775,192,346,395,757
2014,288,622,88,25,9,141,568,329,327,676,1064
2014,289,624,88,25,29,141,412,232,304,491,778
2014,38,626,88,66,124,150,101,368,460,531,792
2014,290,627,88,62,124,141,802,185,369,697,77
2014,297,657,88,39,130,160,797,95,419,323,645
2014,298,658,88,38,133,160,802,95,440,323,658
2014,120,584,92,80,119,160,427,64,13,869,61
2014,121,582,92,79,124,160,432,69,13,575,907
2014,122,590,92,71,109,141,277,74,13,869,468
2014,123,588,92,70,105,141,309,64,48,869,1023
2013,115,83,21,178,165,0,325,407,506,869,1094
2013,9,91,52,112,127,218,826,12,220,217,240
2013,21,88,52,116,55,189,236,90,502,505,242
2013,103,454,52,178,165,0,691,407,484,406,363
2013,40,17,52,80,73,199,279,391,220,638,72
2013,114,20,52,178,165,265,387,407,495,352,385
2013,8,236,52,119,60,207,906,214,220,832,369
2013,42,36,52,133,44,207,364,105,240,869,263
2013,100,27,52,134,47,244,124,69,311,96,734
2013,125,586,52,178,165,265,1004,407,1,869,300
2013,7,15,52,120,105,242,278,203,201,758,873
2013,272,628,52,178,55,232,1004,23,1,869,1094
2013,271,103,52,178,27,199,1004,6,1,869,1094
2013,102,215,52,111,100,235,403,373,220,714,638
2013,124,448,52,145,144,248,772,215,1,869,1094
2013,320,335,101,178,165,265,1004,407,506,869,1094
2013,33,664,51,157,67,179,599,177,9,762,124
2013,56,665,51,161,65,99,326,25,38,278,470
2013,260,495,51,165,65,141,96,69,11,506,860
2013,261,496,51,160,60,160,265,69,9,302,502
2013,34,275,51,158,73,189,1,50,38,673,843
2013,57,277,51,156,69,114,56,39,23,844,500
2013,264,471,51,147,87,141,164,46,13,619,983
2013,265,472,51,156,79,207,627,177,7,847,1059
2013,266,473,51,155,77,189,620,90,7,745,1072
2013,58,459,51,126,114,114,797,46,11,228,458
2013,63,445,51,130,95,84,781,39,23,583,944
2013,138,451,51,152,114,108,476,177,135,110,383
2013,137,453,51,142,114,128,724,50,170,137,451
2013,268,452,51,151,84,189,333,69,7,556,935
2013,61,465,51,155,100,108,915,50,38,332,571
2013,132,463,51,154,119,92,875,39,18,378,564
2013,134,466,51,139,100,92,32,56,56,389,597
2013,60,470,51,126,124,99,945,30,7,812,299
2013,136,474,51,149,43,99,294,177,32,617,1057
2013,133,484,51,137,84,92,892,74,43,441,840
2013,135,482,51,155,67,199,173,81,23,270,587
2013,262,480,51,137,24,79,614,259,102,126,326
2013,263,481,51,163,59,141,478,206,96,170,184
2013,269,485,51,160,67,199,590,69,8,593,940
2013,270,486,51,161,65,199,590,69,9,764,86
2013,62,490,51,152,109,99,787,30,53,756,57
2013,267,491,51,152,84,189,359,81,9,545,583
2013,59,493,51,151,119,92,817,46,20,590,999
2013,194,12,79,106,109,199,89,263,220,787,214
2013,53,41,79,149,124,242,60,263,220,568,1062
2013,195,44,79,127,109,199,13,271,154,642,15
2013,196,45,79,130,109,189,19,265,182,547,982
2013,4,206,79,103,87,170,4,306,395,679,964
2013,197,209,79,45,84,244,597,210,271,731,196
2013,11,244,79,113,100,207,24,268,220,605,1034
2013,130,246,79,119,84,189,326,309,293,642,1086
2013,198,249,79,96,72,189,155,332,289,232,485
2013,199,247,79,103,127,199,929,259,220,662,1058
2013,129,300,79,111,34,170,801,279,264,686,960
2013,200,303,79,116,84,244,1003,263,288,575,52
2013,10,359,79,139,124,199,103,263,220,568,1034
2013,54,362,79,134,119,179,112,264,458,242,862
2013,201,364,79,139,119,170,708,296,220,565,898
2013,202,371,79,139,124,189,112,259,220,341,748
2013,203,368,79,139,114,189,106,263,220,306,862
2013,204,369,79,139,124,189,106,264,295,451,873
2013,205,366,79,139,119,207,60,259,166,605,1029
2013,131,517,79,149,105,199,982,268,462,466,90
2013,207,519,79,133,105,170,250,271,364,575,90
2013,208,518,79,139,105,189,410,263,455,575,71
2013,209,515,79,148,100,207,770,309,466,575,137
2013,210,516,79,139,105,199,850,277,456,466,77
2013,211,533,79,113,105,235,234,274,220,493,1019
2013,212,531,79,113,105,232,249,265,220,682,1086
2013,213,530,79,113,114,232,237,268,220,612,1004
2013,214,565,79,127,109,218,133,265,182,586,1076
2013,6,598,79,98,114,189,103,265,159,507,862
2013,127,604,79,98,124,179,139,263,206,554,1029
2013,215,632,79,130,124,199,80,263,220,533,907
2013,128,653,79,80,109,179,219,214,220,466,1000
2013,216,648,79,80,100,199,166,263,404,575,1042
2013,217,649,79,80,127,199,139,215,346,466,1029
2013,30,6,66,77,87,160,875,81,165,303,981
2013,45,1,66,84,73,141,923,81,148,411,772
2013,313,2,66,78,84,141,822,56,154,392,827
2013,314,3,66,83,91,160,875,74,150,356,786
2013,152,392,66,102,100,92,764,50,96,359,669
2013,163,392,66,111,114,92,541,69,106,319,669
2013,141,393,66,104,100,160,693,25,102,691,195
2013,165,394,66,137,109,199,32,23,130,402,678
2013,166,395,66,142,100,218,249,30,151,284,651
2013,12,57,66,127,67,114,106,50,172,417,1089
2013,116,62,66,117,127,170,839,25,88,463,648
2013,126,59,66,119,109,170,113,25,82,265,413
2013,312,63,66,109,119,170,899,17,137,286,455
2013,73,65,66,157,124,114,781,56,15,507,173
2013,74,69,66,142,31,99,460,197,230,422,88
2013,150,396,66,117,77,150,218,30,68,236,480
2013,65,397,66,83,87,150,86,95,185,405,851
2013,142,398,66,71,79,150,864,177,221,271,717
2013,67,401,66,155,95,114,881,74,82,415,965
2013,148,399,66,159,105,128,849,81,48,393,979
2013,171,402,66,130,25,99,477,192,246,579,211
2013,172,403,66,121,27,92,929,177,110,540,117
2013,318,202,66,76,100,141,892,74,96,485,956
2013,149,404,66,117,34,160,511,206,158,735,54
2013,311,204,66,125,77,207,451,56,149,598,1092
2013,309,212,66,102,109,170,60,12,102,662,901
2013,72,406,66,152,114,114,693,46,40,612,519
2013,13,211,66,111,28,150,171,121,459,464,297
2013,316,460,66,100,114,141,467,12,90,327,730
2013,144,408,66,157,77,128,747,90,156,831,452
2013,156,409,66,127,73,79,775,185,79,824,485
2013,146,410,66,158,84,128,24,214,106,171,783
2013,164,411,66,126,109,235,686,30,177,559,848
2013,70,414,66,111,72,99,190,69,145,176,599
2013,153,412,66,96,137,108,666,64,84,112,522
2013,68,416,66,121,119,170,568,39,23,200,897
2013,69,418,66,112,127,150,813,30,107,740,555
2013,140,419,66,103,79,150,693,25,62,509,1066
2013,28,281,66,135,124,108,822,50,125,763,1065
2013,31,283,66,139,109,99,868,203,113,681,930
2013,310,288,66,93,84,170,61,17,202,864,105
2013,162,420,66,149,133,108,892,74,88,642,37
2013,27,295,66,111,114,150,739,17,130,328,570
2013,159,421,66,166,72,128,357,69,102,596,408
2013,319,307,66,112,105,150,24,17,110,106,384
2013,157,423,66,160,84,99,366,56,38,693,442
2013,71,425,66,161,87,114,276,39,75,576,441
2013,64,427,66,98,95,160,636,17,110,359,1063
2013,139,428,66,98,109,150,609,12,40,196,971
2013,143,429,66,86,73,160,966,81,151,403,830
2013,14,348,66,117,77,150,747,23,226,266,509
2013,29,351,66,128,47,114,82,23,234,339,614
2013,66,353,66,133,43,128,822,17,226,384,646
2013,88,388,66,130,73,128,731,192,173,639,279
2013,99,382,66,113,127,128,525,39,75,370,1056
2013,26,386,66,117,84,128,627,74,90,650,274
2013,167,477,66,130,87,150,666,64,62,544,130
2013,168,478,66,126,72,128,510,192,165,508,106
2013,169,430,66,116,48,128,802,81,79,728,287
2013,170,431,66,130,91,114,652,177,220,522,198
2013,315,383,66,130,91,128,609,64,220,393,82
2013,155,432,66,106,87,79,636,50,220,171,598
2013,158,433,66,127,73,75,732,50,1,159,672
2013,145,434,66,154,60,108,998,214,187,70,760
2013,154,435,66,130,34,84,351,90,211,67,421
2013,160,436,66,144,109,99,808,90,1,843,312
2013,151,437,66,102,73,92,813,69,437,240,624
2013,147,438,66,157,54,108,962,74,220,319,847
2013,161,439,66,165,84,128,288,64,220,521,306
2013,317,492,66,125,95,108,211,46,7,190,554
2013,44,640,66,106,119,179,645,25,220,381,40
2013,46,195,65,112,127,160,229,197,220,94,541
2013,218,197,65,100,133,170,95,200,220,350,1007
2013,110,240,65,133,91,141,979,39,1,207,328
2013,109,338,65,126,91,141,732,39,1,467,982
2013,175,50,106,69,130,207,376,64,203,809,278
2013,176,48,106,70,133,189,556,197,385,288,533
2013,177,462,106,60,127,179,907,50,271,212,246
2013,174,317,106,109,130,232,312,64,295,100,374
2013,83,316,106,103,127,218,367,215,362,836,503
2013,84,321,106,56,129,218,393,197,296,274,617
2013,49,503,106,120,109,235,585,177,364,283,359
2013,50,500,106,109,114,232,443,90,377,234,19
2013,178,643,106,91,124,207,309,56,272,465,507
2013,179,644,106,103,127,232,350,50,364,219,764
2013,85,23,116,77,165,207,1004,39,220,869,1094
2013,180,113,116,127,142,199,591,407,220,869,1094
2013,181,113,116,127,142,242,285,297,220,869,1094
2013,182,72,116,127,114,242,862,332,220,869,1094
2013,183,270,116,111,114,79,195,297,220,869,1094
2013,0,129,117,68,65,150,794,402,448,150,732
2013,1,116,117,64,49,160,41,234,448,439,799
2013,22,148,117,68,60,150,821,108,448,157,836
2013,55,132,117,54,54,160,109,232,404,391,782
2013,86,73,117,78,60,170,925,119,448,162,425
2013,87,592,117,70,54,179,995,152,470,117,497
2013,89,74,117,77,46,170,104,238,484,400,793
2013,90,75,117,70,50,150,11,218,448,360,670
2013,91,593,117,68,56,160,990,138,470,330,1014
2013,92,149,117,61,48,170,121,236,448,338,738
2013,93,78,117,96,38,170,47,243,404,489,809
2013,94,596,117,94,46,160,3,224,448,326,671
2013,2,143,55,178,165,114,961,119,1,869,1094
2013,3,146,55,178,165,84,973,141,1,869,1094
2013,106,456,55,178,55,160,1004,285,1,869,1094
2013,108,140,55,178,165,99,984,162,1,869,1094
2013,96,110,149,164,50,189,458,25,1,575,1041
2013,105,476,56,42,119,179,454,56,1,832,280
2013,192,293,56,45,119,179,496,64,1,138,345
2013,193,292,56,46,95,179,431,74,1,165,385
2013,104,488,56,44,54,170,596,150,1,669,77
2013,249,457,149,127,54,244,768,39,1,575,734
2013,95,233,149,69,65,170,156,25,1,575,832
2013,250,446,149,88,65,235,786,46,1,575,832
2013,97,108,149,168,55,160,477,81,1,575,76
2013,251,468,149,100,67,235,727,46,1,575,832
2013,273,447,78,56,127,160,592,185,1,575,523
2013,307,53,88,79,124,160,998,192,220,406,803
2013,308,52,88,73,124,170,8,192,220,395,797
2013,304,101,88,81,133,150,849,90,379,383,803
2013,81,112,88,66,119,179,133,192,416,381,640
2013,39,259,88,53,59,28,818,382,264,214,484
2013,293,256,88,19,127,141,655,56,346,191,715
2013,294,254,88,26,133,150,702,50,346,214,579
2013,295,255,88,75,142,114,797,90,425,362,722
2013,296,442,88,15,139,160,645,64,220,105,468
2013,297,656,88,25,129,150,706,95,404,165,523
2013,298,656,88,26,135,150,724,74,404,191,862
2013,299,264,88,50,105,27,35,259,368,575,41
2013,300,264,88,62,119,84,376,274,461,750,29
2013,305,271,88,87,137,150,685,74,287,306,638
2013,306,272,88,83,127,160,846,177,385,323,708
2013,301,309,88,38,127,128,960,90,419,306,684
2013,302,308,88,45,129,141,666,81,373,279,645
2013,80,312,88,44,91,141,998,210,434,298,431
2013,303,310,88,52,130,63,685,69,361,52,369
2013,291,341,88,14,70,114,817,256,468,299,702
2013,292,341,88,16,109,150,627,64,385,165,535
2013,82,523,88,76,137,160,971,95,399,415,679
2013,277,606,88,17,95,128,808,197,448,451,862
2013,278,608,88,22,133,141,706,81,404,362,765
2013,279,605,88,26,137,128,655,64,346,798,560
2013,280,607,88,83,135,170,117,74,420,395,797
2013,274,611,88,31,119,128,716,90,380,306,658
2013,275,610,88,44,129,128,822,74,419,242,1026
2013,276,612,88,45,130,150,742,74,363,323,696
2013,283,613,88,22,28,150,591,225,340,355,515
2013,284,616,88,29,49,150,312,125,323,155,304
2013,285,615,88,36,19,150,475,294,337,573,855
2013,286,614,88,40,13,150,582,321,325,703,1083
2013,281,618,88,12,124,114,724,81,408,406,797
2013,282,617,88,63,139,141,724,50,433,362,735
2013,287,623,88,16,109,114,702,192,430,210,684
2013,288,622,88,27,14,128,478,286,335,646,1021
2013,289,624,88,33,47,141,301,144,311,648,666
2013,38,626,88,73,124,141,32,365,479,473,714
2013,290,627,88,63,130,128,907,185,406,622,81
2013,120,584,92,71,119,179,287,95,220,869,1094
2013,121,582,92,75,114,189,302,90,220,869,1094
2013,122,590,92,70,124,218,217,95,211,869,1094
2013,123,588,92,70,91,207,221,90,218,869,1094
2012,32,82,21,167,119,207,200,384,9,0,0
2012,9,90,52,127,124,170,501,23,40,661,2
2012,103,454,52,111,79,248,948,396,107,166,561
2012,40,18,52,157,20,232,269,161,200,66,409
2012,114,20,52,167,18,199,497,283,428,93,180
2012,8,234,52,145,21,189,199,358,248,466,110
2012,33,663,51,167,72,150,702,185,9,0,1042
2012,56,665,51,157,77,108,597,56,38,140,605
2012,260,495,51,157,65,114,176,56,11,588,48
2012,261,496,51,145,62,150,764,69,9,604,373
2012,34,274,51,145,70,150,525,337,38,820,539
2012,57,276,51,145,72,99,103,69,23,225,813
2012,264,273,51,127,87,99,251,56,13,788,586
2012,265,472,51,157,79,199,577,56,7,136,687
2012,266,278,51,157,77,207,577,69,7,60,817
2012,58,203,51,111,127,114,775,23,11,174,673
2012,63,444,51,127,105,92,846,69,23,394,622
2012,138,47,51,145,129,84,125,197,135,709,224
2012,137,453,51,127,114,108,687,74,170,858,387
2012,268,452,51,145,84,179,485,74,7,183,652
2012,61,219,51,145,119,108,839,25,38,770,572
2012,132,217,51,157,127,108,822,50,18,628,392
2012,134,466,51,127,100,92,75,39,56,84,559
2012,60,469,51,127,129,108,899,56,7,426,144
2012,136,474,51,145,47,92,399,200,32,209,822
2012,133,507,51,127,77,114,860,90,43,73,620
2012,135,482,51,157,72,160,627,74,23,854,445
2012,262,504,51,157,21,84,298,317,102,797,150
2012,263,505,51,167,38,108,323,90,96,805,367
2012,269,485,51,145,62,189,590,74,8,452,121
2012,270,486,51,157,60,189,599,64,9,851,406
2012,62,489,51,145,114,114,716,25,53,746,499
2012,267,491,51,145,72,199,627,185,9,106,1005
2012,59,636,51,145,119,84,764,81,20,454,998
2012,194,10,79,145,109,199,998,263,151,682,87
2012,53,40,79,157,95,218,96,259,145,612,17
2012,195,39,79,111,95,199,349,268,168,395,969
2012,196,43,79,111,105,199,348,264,166,362,961
2012,4,205,79,111,50,150,721,388,351,257,636
2012,197,209,79,65,87,232,672,304,445,242,907
2012,11,243,79,145,105,189,1,255,149,119,475
2012,130,246,79,145,100,179,496,313,159,638,118
2012,198,249,79,127,70,218,560,400,258,365,686
2012,199,242,79,145,109,199,920,256,118,754,228
2012,129,300,79,85,54,189,332,352,358,698,1080
2012,200,302,79,127,109,218,491,210,271,575,28
2012,10,358,79,145,105,179,189,255,159,119,388
2012,54,361,79,145,100,160,112,215,158,53,320
2012,201,364,79,145,67,114,621,311,283,707,240
2012,202,371,79,145,91,160,106,255,158,146,457
2012,203,368,79,157,119,179,117,255,159,159,479
2012,204,369,79,157,87,160,125,256,159,752,283
2012,205,355,79,145,109,199,125,215,150,156,426
2012,206,375,79,85,114,218,205,215,150,467,1023
2012,131,517,79,157,87,189,7,271,355,661,139
2012,207,513,79,157,109,199,480,214,435,575,87
2012,208,518,79,167,84,199,504,265,229,575,63
2012,209,515,79,157,91,179,745,264,283,575,99
2012,210,516,79,157,84,170,968,316,346,575,123
2012,211,533,79,127,91,235,291,297,150,631,61
2012,212,529,79,127,114,232,289,265,167,280,393
2012,213,530,79,127,114,232,321,215,151,482,958
2012,214,565,79,111,105,207,379,263,151,507,969
2012,5,599,79,111,87,189,204,259,212,724,149
2012,6,597,79,96,100,199,189,255,203,467,952
2012,127,602,79,111,100,189,152,215,184,383,873
2012,215,631,79,127,95,207,361,265,154,467,982
2012,128,652,79,65,114,199,598,200,209,575,52
2012,216,645,79,56,105,189,418,215,191,575,87
2012,217,649,79,65,109,179,523,197,446,575,33
2012,30,5,66,96,114,150,892,25,165,432,871
2012,45,0,66,96,95,128,813,46,148,427,902
2012,313,2,66,96,95,160,747,23,154,436,779
2012,314,4,66,96,79,160,808,25,150,473,844
2012,152,21,66,96,119,128,813,39,96,243,772
2012,163,21,66,96,114,99,711,46,106,211,763
2012,141,393,66,145,100,160,945,46,102,97,309
2012,165,37,66,127,79,160,149,39,130,460,905
2012,166,395,66,127,119,235,331,30,151,679,1090
2012,12,56,66,145,84,78,143,50,172,351,974
2012,116,61,66,96,127,150,875,17,88,635,1038
2012,126,58,66,96,114,160,54,30,82,403,740
2012,312,63,66,127,105,141,868,25,137,757,66
2012,73,64,66,145,129,150,775,23,15,688,410
2012,74,68,66,127,12,92,879,264,230,696,237
2012,150,396,66,96,77,179,165,64,68,841,427
2012,65,397,66,96,95,150,966,25,185,511,893
2012,142,398,66,85,95,150,144,25,221,571,994
2012,67,400,66,145,73,99,979,50,82,401,908
2012,148,399,66,145,95,108,888,39,48,427,859
2012,171,190,66,127,3,99,426,301,246,577,114
2012,172,191,66,111,13,92,907,177,110,574,146
2012,318,200,66,85,119,150,775,39,96,397,842
2012,149,404,66,96,37,189,474,203,158,647,949
2012,311,204,66,111,95,232,486,46,149,677,977
2012,309,212,66,111,114,141,988,25,102,622,969
2012,72,405,66,145,127,128,693,23,40,741,416
2012,13,210,66,145,2,141,246,222,459,510,201
2012,316,460,66,145,114,170,724,30,90,801,143
2012,144,408,66,145,77,108,813,46,156,800,621
2012,156,409,66,111,114,99,775,56,79,240,399
2012,146,216,66,157,59,114,903,69,106,765,704
2012,164,411,66,111,77,232,695,46,177,791,197
2012,70,413,66,111,91,114,93,90,145,767,166
2012,153,412,66,85,139,150,685,46,84,492,1017
2012,68,415,66,85,130,114,525,30,23,82,414
2012,69,418,66,96,114,170,849,39,107,659,1039
2012,140,419,66,145,127,160,998,30,62,78,254
2012,28,279,66,111,130,114,103,74,125,861,143
2012,31,282,66,111,105,114,69,81,113,808,100
2012,310,288,66,111,70,160,32,30,202,366,550
2012,162,420,66,127,119,150,923,25,88,747,267
2012,27,294,66,96,105,141,742,23,130,311,553
2012,159,421,66,145,69,160,138,69,102,631,153
2012,319,306,66,111,100,141,742,50,110,857,241
2012,157,336,66,127,114,114,533,30,38,697,442
2012,71,424,66,145,91,128,179,56,75,727,244
2012,64,426,66,127,95,160,839,64,110,814,273
2012,139,428,66,145,114,160,764,25,40,728,262
2012,143,429,66,96,84,150,988,25,151,540,1030
2012,14,347,66,127,73,128,787,46,226,386,726
2012,29,350,66,127,46,141,61,69,234,542,948
2012,66,352,66,127,47,150,892,39,226,432,771
2012,88,387,66,127,56,114,258,185,173,584,289
2012,99,381,66,111,130,150,545,46,75,437,58
2012,26,385,66,127,105,128,747,56,90,739,362
2012,167,384,66,127,105,114,64,64,62,565,253
2012,168,478,66,127,72,108,55,192,165,563,182
2012,169,430,66,127,54,99,939,192,79,643,346
2012,170,431,66,127,105,114,239,64,68,376,83
2012,315,383,66,127,119,114,636,50,82,625,217
2012,155,389,66,96,109,92,732,46,84,257,780
2012,158,433,66,127,91,78,666,39,56,824,527
2012,145,434,66,145,54,92,240,185,184,396,92
2012,154,435,66,127,43,84,299,64,110,324,763
2012,160,436,66,127,109,141,787,30,32,198,541
2012,151,568,66,96,95,99,822,25,107,273,703
2012,147,569,66,145,47,92,796,185,96,297,669
2012,161,439,66,145,79,150,974,56,56,721,145
2012,317,492,66,111,95,141,202,46,71,125,994
2012,44,639,66,145,84,160,860,50,82,772,262
2012,46,194,65,127,87,141,268,197,165,322,624
2012,218,196,65,111,119,170,145,95,177,594,1091
2012,110,239,65,170,100,150,13,39,0,81,928
2012,109,338,65,157,105,141,26,39,0,138,134
2012,175,49,106,56,137,218,333,69,102,789,176
2012,176,48,106,56,135,235,491,177,182,127,525
2012,177,462,106,77,109,189,998,74,254,478,773
2012,174,317,106,111,127,232,363,74,174,371,668
2012,83,313,106,96,105,235,419,206,233,385,753
2012,84,318,106,85,124,235,429,256,260,340,695
2012,49,501,106,127,142,244,491,64,178,221,664
2012,50,497,106,145,144,232,300,177,210,726,51
2012,178,643,106,96,114,232,306,90,230,195,574
2012,179,644,106,127,124,235,309,74,103,118,375
2012,85,22,116,167,105,207,690,185,3,0,0
2012,182,72,116,85,91,218,59,255,84,0,0
2012,180,113,116,85,109,170,678,255,106,0,0
2012,181,113,116,85,105,235,203,0,79,0,0
2012,183,270,116,96,73,160,633,0,62,0,0
2012,0,128,117,47,65,170,793,393,473,167,790
2012,1,114,117,77,65,170,25,239,493,495,864
2012,22,147,117,47,60,160,794,406,470,337,5
2012,55,131,117,77,56,170,1000,226,490,546,811
2012,86,117,117,47,60,179,790,124,473,309,556
2012,87,133,117,17,54,170,992,160,465,344,634
2012,89,119,117,56,44,179,68,237,500,518,885
2012,90,121,117,56,50,170,957,243,505,489,791
2012,91,135,117,47,56,170,57,148,322,529,79
2012,92,126,117,77,60,170,126,248,503,546,896
2012,93,124,117,56,54,170,999,252,492,282,633
2012,94,137,117,56,59,170,964,220,486,186,477
2012,96,109,149,174,50,179,438,200,177,466,625
2012,105,475,56,39,135,170,530,50,106,832,280
2012,192,293,56,39,127,128,486,64,107,138,345
2012,193,292,56,39,119,199,475,69,96,138,369
2012,106,193,55,39,30,179,227,167,285,0,0
2012,104,487,56,17,79,179,891,323,449,67,378
2012,249,185,149,77,73,244,653,64,119,661,205
2012,95,231,149,28,72,160,371,69,103,575,76
2012,250,29,149,65,87,232,704,50,102,661,322
2012,251,467,149,77,72,218,895,69,134,575,141
2012,273,30,78,65,127,170,575,185,156,0,696
2012,237,33,86,127,150,179,233,210,506,869,505
2012,219,34,86,145,156,128,103,95,506,869,684
2012,236,55,86,157,142,207,181,185,506,869,748
2012,37,166,86,157,130,199,935,50,506,869,774
2012,51,163,86,127,150,189,920,177,506,869,205
2012,78,165,86,145,148,179,13,95,506,869,961
2012,79,168,86,157,153,150,73,259,506,869,757
2012,229,161,86,145,91,199,447,386,506,869,59
2012,230,169,86,127,152,179,128,313,506,869,615
2012,232,170,86,127,156,179,42,50,506,869,535
2012,242,172,86,157,163,248,393,50,506,869,2
2012,52,176,86,127,133,179,191,56,506,869,484
2012,75,174,86,145,153,189,312,50,506,869,833
2012,231,173,86,127,148,170,253,200,506,869,715
2012,241,180,86,145,153,189,313,203,506,869,824
2012,233,187,86,170,144,170,86,95,506,869,696
2012,234,186,86,170,142,150,50,64,506,869,986
2012,111,225,86,157,148,189,333,69,506,869,301
2012,245,221,86,145,161,207,250,39,506,869,205
2012,112,229,86,167,143,232,389,200,506,869,952
2012,246,262,86,145,143,232,224,90,506,869,419
2012,235,268,86,157,153,189,226,206,506,869,385
2012,220,284,86,145,153,189,176,95,506,869,814
2012,225,287,86,157,159,189,325,95,506,869,484
2012,247,104,86,145,146,199,217,177,506,869,715
2012,76,330,86,145,72,141,523,363,506,869,759
2012,77,325,86,157,44,170,427,116,506,869,639
2012,226,333,86,145,144,141,42,263,506,869,76
2012,227,524,86,127,16,189,133,268,506,869,523
2012,228,326,86,145,129,141,69,210,506,869,788
2012,248,328,86,127,144,189,60,185,506,869,505
2012,113,520,86,145,150,179,240,268,506,869,638
2012,221,289,86,127,17,150,117,39,506,869,301
2012,222,575,86,145,156,189,350,81,506,869,484
2012,224,581,86,157,160,189,296,197,506,869,638
2012,238,572,86,127,158,160,345,277,506,869,901
2012,239,573,86,127,139,160,133,25,506,869,602
2012,240,574,86,145,153,170,252,192,506,869,579
2012,223,659,86,157,143,160,306,192,506,869,797
2012,244,662,86,157,144,170,244,192,506,869,615
2012,307,53,88,85,135,150,979,90,386,341,735
2012,308,51,88,85,133,150,966,203,370,306,684
2012,304,101,88,85,164,150,802,69,366,323,788
2012,81,111,88,77,133,170,971,185,395,428,636
2012,39,260,88,56,65,28,737,367,231,261,535
2012,293,256,88,6,133,128,609,56,405,81,429
2012,294,253,88,8,135,141,636,64,395,832,345
2012,295,255,88,65,146,128,747,81,393,214,535
2012,299,265,88,85,109,26,34,259,234,466,322
2012,300,266,88,85,135,78,399,185,442,262,529
2012,305,271,88,85,154,160,557,69,275,191,560
2012,306,272,88,85,127,160,849,177,276,242,579
2012,301,309,88,39,130,128,567,81,360,261,626
2012,302,308,88,56,137,141,627,74,383,191,535
2012,80,311,88,39,114,128,1,200,407,298,420
2012,303,310,88,47,130,78,702,81,193,758,322
2012,291,341,88,6,87,114,775,206,442,357,772
2012,292,341,88,8,130,141,577,64,394,105,345
2012,296,441,88,8,142,141,599,64,423,52,401
2012,82,522,88,77,139,160,971,81,471,457,644
2012,277,606,88,17,130,114,822,95,469,306,722
2012,278,608,88,17,139,150,645,81,388,306,684
2012,279,605,88,17,142,150,609,64,374,661,505
2012,280,607,88,85,135,141,5,69,427,214,658
2012,274,611,88,28,124,141,666,74,393,242,626
2012,275,610,88,47,144,141,666,50,391,191,523
2012,276,609,88,47,137,141,742,69,398,279,658
2012,283,613,88,17,37,141,372,154,331,230,372
2012,284,616,88,17,54,141,265,131,312,64,191
2012,285,615,88,28,23,141,441,289,321,589,861
2012,286,614,88,28,22,141,569,294,313,683,1027
2012,281,618,88,17,142,128,660,64,440,242,638
2012,282,617,88,77,148,141,660,50,412,261,684
2012,287,620,88,8,105,92,666,95,410,261,602
2012,288,619,88,17,19,128,445,328,308,672,1018
2012,289,621,88,28,38,141,297,229,306,459,689
2012,38,625,88,77,135,150,32,363,406,442,650
2012,290,627,88,56,133,141,693,177,381,547,993
2012,297,657,88,39,135,141,645,74,446,798,345
2012,298,658,88,39,135,141,666,95,443,81,419
2012,120,584,92,77,91,170,461,39,20,406,672
2012,121,582,92,77,84,179,447,30,23,661,311
2012,122,590,92,77,91,150,562,46,38,507,857
2012,123,588,92,77,109,114,536,46,40,554,740
2011,32,82,21,147,100,199,346,332,248,869,1094
2011,184,99,22,111,43,218,669,162,495,869,1094
2011,185,86,22,128,48,232,373,147,494,533,696
2011,186,84,22,147,50,207,807,155,427,869,1094
2011,187,96,22,121,100,249,372,407,413,869,1094
2011,188,93,22,112,100,244,417,407,506,869,1094
2011,189,81,22,112,105,207,359,407,506,869,1094
2011,190,94,22,116,105,249,397,407,15,869,1094
2011,191,97,22,111,43,242,433,324,506,869,1094
2011,9,90,52,120,119,160,331,64,197,466,832
2011,21,87,52,130,55,244,116,301,262,758,484
2011,100,28,52,127,100,232,476,69,40,193,569
2011,101,390,52,135,70,199,137,203,56,281,909
2011,102,215,52,151,72,189,552,277,8,106,524
2011,103,102,52,111,133,199,127,98,96,362,969
2011,7,13,52,151,73,199,286,268,414,834,394
2011,41,237,52,111,44,248,771,362,280,661,172
2011,8,235,52,106,35,242,765,306,277,714,301
2011,43,296,52,111,48,150,853,297,92,834,371
2011,125,587,52,109,79,248,425,56,66,869,1094
2011,33,664,51,139,105,84,620,46,118,798,252
2011,56,665,51,149,95,128,747,46,75,798,55
2011,34,275,51,142,73,77,26,69,79,832,223
2011,57,277,51,133,72,92,699,46,40,798,230
2011,58,458,51,94,127,75,935,30,92,714,230
2011,63,444,51,133,127,65,860,69,56,798,214
2011,138,450,51,125,100,78,112,177,121,52,170
2011,137,453,51,96,105,77,358,74,40,832,177
2011,61,464,51,125,119,65,971,90,79,832,115
2011,132,463,51,100,129,77,875,56,115,81,120
2011,134,466,51,93,127,77,61,50,92,832,134
2011,60,469,51,145,127,65,1,56,75,714,240
2011,136,474,51,110,73,65,430,90,88,52,236
2011,133,483,51,111,77,84,309,177,119,832,170
2011,135,482,51,119,79,78,390,90,88,758,126
2011,62,489,51,133,114,84,868,30,56,758,223
2011,59,637,51,145,127,73,860,74,15,798,260
2011,194,11,79,130,119,218,37,263,118,741,134
2011,53,42,79,178,119,199,56,309,90,869,1094
2011,195,44,79,117,114,232,125,265,135,576,20
2011,196,45,79,116,114,232,128,263,130,507,1058
2011,4,206,79,135,69,170,368,360,261,577,779
2011,197,208,79,134,72,189,649,318,374,362,862
2011,11,244,79,134,114,199,32,274,113,143,459
2011,130,246,79,144,79,170,462,334,211,322,629
2011,198,249,79,130,72,207,516,367,274,92,366
2011,199,248,79,144,124,218,881,259,118,226,452
2011,129,300,79,111,29,170,440,330,279,837,65
2011,200,304,79,126,105,207,538,206,302,304,945
2011,10,359,79,109,109,179,142,259,150,398,637
2011,54,362,79,113,109,179,176,264,149,190,501
2011,201,363,79,109,77,114,774,304,413,741,126
2011,202,372,79,110,105,170,125,259,200,669,120
2011,203,367,79,109,100,170,128,259,182,622,90
2011,204,370,79,110,95,170,128,332,179,747,200
2011,205,365,79,110,100,179,86,268,178,817,361
2011,206,376,79,98,119,218,160,259,125,777,162
2011,131,517,79,117,73,170,162,355,412,575,63
2011,207,513,79,102,100,199,431,197,349,661,1029
2011,208,512,79,106,84,218,508,203,367,304,937
2011,209,514,79,116,84,218,859,200,488,575,937
2011,210,516,79,117,84,199,88,309,476,575,11
2011,211,533,79,120,114,244,224,274,134,612,1042
2011,212,532,79,119,114,244,331,268,121,638,1042
2011,213,527,79,119,119,244,359,259,134,747,90
2011,214,565,79,110,105,242,494,306,125,433,920
2011,5,600,79,95,105,207,200,264,137,717,959
2011,6,597,79,95,114,207,96,264,121,596,3
2011,127,603,79,96,109,207,160,263,184,817,230
2011,215,629,79,110,105,242,492,297,135,654,1088
2011,128,652,79,83,100,207,339,203,195,304,748
2011,216,650,79,98,100,207,316,203,185,304,907
2011,217,651,79,88,109,199,320,192,209,304,788
2011,30,5,66,104,119,114,849,12,68,431,876
2011,45,0,66,109,95,114,839,30,135,350,727
2011,152,392,66,104,109,141,702,25,40,631,758
2011,163,392,66,109,124,128,916,25,32,845,887
2011,141,393,66,149,84,114,979,56,218,780,119
2011,165,394,66,89,124,170,229,30,130,147,353
2011,166,395,66,90,109,179,365,25,150,54,239
2011,12,56,66,104,91,114,5,56,131,635,53
2011,116,62,66,82,119,141,797,17,113,440,880
2011,126,58,66,83,119,141,646,17,102,361,772
2011,73,64,66,127,130,150,702,17,27,442,1043
2011,74,70,66,117,18,108,421,200,365,199,781
2011,150,396,66,96,67,128,115,50,115,772,220
2011,65,184,66,117,119,128,955,17,167,519,857
2011,142,398,66,103,77,128,396,25,170,663,62
2011,67,189,66,134,73,128,977,46,20,269,590
2011,148,399,66,142,91,179,875,25,9,427,818
2011,171,402,66,106,11,92,294,268,207,829,481
2011,172,403,66,102,18,108,892,200,48,627,103
2011,318,201,66,103,124,141,702,17,27,462,917
2011,149,404,66,90,38,179,414,46,184,848,203
2011,72,213,66,127,124,160,716,30,68,508,846
2011,13,210,66,127,5,141,100,113,294,601,44
2011,144,408,66,126,87,84,742,56,96,402,1077
2011,156,409,66,128,84,108,881,50,32,773,319
2011,146,410,66,137,62,92,899,74,75,515,972
2011,164,411,66,88,70,207,811,39,66,868,220
2011,70,413,66,133,95,150,114,46,20,828,148
2011,153,412,66,97,135,150,627,39,79,451,165
2011,68,417,66,78,119,128,428,6,15,773,342
2011,69,418,66,96,127,150,747,17,43,215,704
2011,140,419,66,135,137,141,80,23,201,826,239
2011,28,280,66,104,127,141,716,56,115,592,1050
2011,31,283,66,109,114,92,19,69,135,663,4
2011,162,420,66,127,73,150,966,23,107,785,140
2011,27,295,66,98,105,92,660,12,121,113,309
2011,159,421,66,135,67,141,319,17,156,610,904
2011,319,307,66,103,114,128,732,46,119,786,239
2011,157,423,66,149,100,114,406,12,56,480,704
2011,71,422,66,149,79,150,208,25,110,811,113
2011,64,427,66,111,127,150,781,25,211,680,1087
2011,139,428,66,116,133,150,747,17,168,632,64
2011,143,429,66,126,87,108,915,12,118,252,808
2011,14,348,66,125,114,92,685,17,182,457,812
2011,29,351,66,125,100,108,875,50,237,483,857
2011,66,353,66,133,100,92,797,30,251,604,1011
2011,88,387,66,119,67,114,978,69,113,742,285
2011,99,382,66,100,129,128,567,30,71,563,75
2011,26,386,66,111,100,114,620,39,84,65,437
2011,167,477,66,117,119,160,660,69,103,712,251
2011,168,478,66,111,79,108,484,74,110,90,432
2011,169,430,66,117,59,108,775,90,92,88,423
2011,170,431,66,116,105,114,1001,46,66,532,97
2011,155,432,66,111,105,114,702,30,125,568,294
2011,158,433,66,125,79,92,627,23,53,769,215
2011,145,434,66,134,47,84,881,46,96,577,424
2011,154,435,66,142,38,128,295,30,4,864,377
2011,160,436,66,142,114,170,822,39,18,363,893
2011,151,437,66,95,91,108,742,12,66,473,14
2011,147,438,66,127,48,114,996,17,15,240,557
2011,161,439,66,135,95,160,98,17,176,149,350
2011,44,640,66,142,119,128,693,39,186,780,235
2011,46,195,65,133,127,141,382,215,234,53,269
2011,218,197,65,119,135,170,89,64,167,553,96
2011,110,240,65,162,91,160,797,39,381,376,646
2011,109,338,65,151,109,170,739,39,246,631,637
2011,175,50,106,58,130,232,330,95,110,470,913
2011,176,50,106,58,124,232,418,271,166,744,163
2011,177,462,106,85,114,189,56,74,172,76,435
2011,174,317,106,95,130,218,320,69,220,220,567
2011,83,316,106,95,119,199,444,197,284,450,900
2011,84,321,106,83,129,232,418,81,168,484,895
2011,49,503,106,119,143,232,468,197,125,358,694
2011,50,500,106,127,137,232,134,185,158,430,957
2011,178,643,106,85,129,232,323,69,148,158,463
2011,179,642,106,94,124,232,304,64,154,751,270
2011,85,23,116,109,91,235,853,39,168,869,1094
2011,182,72,116,167,27,235,40,407,13,869,1094
2011,180,113,116,170,109,242,44,407,3,869,1094
2011,181,113,116,167,73,232,260,407,8,869,1094
2011,183,270,116,127,50,199,664,407,96,869,1094
2011,107,456,55,178,109,207,628,264,237,869,1094
2011,0,129,117,83,70,150,856,390,441,79,718
2011,1,116,117,77,67,170,140,142,323,239,642
2011,22,148,117,85,62,160,901,98,454,603,1040
2011,55,132,117,68,69,160,53,133,317,314,762
2011,86,117,117,94,69,179,959,235,320,793,249
2011,87,134,117,94,33,170,29,217,316,802,157
2011,89,120,117,94,29,189,85,250,341,314,631
2011,90,121,117,96,49,160,157,284,330,175,657
2011,91,135,117,96,50,170,28,148,472,486,989
2011,92,127,117,79,60,179,207,165,328,421,868
2011,93,124,117,69,67,179,110,287,315,344,835
2011,94,137,117,78,62,170,83,227,504,55,563
2011,2,143,55,14,77,108,889,136,506,869,1094
2011,3,146,55,8,77,108,884,136,506,869,1094
2011,108,140,55,9,73,128,910,142,506,869,1094
2011,96,110,149,127,50,218,804,259,173,714,852
2011,97,107,149,170,55,160,579,214,23,575,301
2011,105,476,56,51,146,189,518,39,135,832,205
2011,192,293,56,58,144,199,496,50,134,81,301
2011,106,193,55,20,28,207,107,176,466,869,1094
2011,193,292,56,64,146,189,476,50,140,105,301
2011,104,488,56,54,65,189,863,379,222,803,223
2011,250,446,149,110,56,207,806,81,71,714,369
2011,249,457,149,116,60,207,784,81,506,869,1094
2011,237,32,86,28,153,141,402,318,506,869,2
2011,243,31,86,96,56,150,243,39,506,869,2
2011,236,54,86,28,15,170,215,17,506,869,734
2011,37,167,86,54,72,128,229,74,506,869,958
2011,51,164,86,58,77,160,166,64,506,869,862
2011,78,162,86,58,67,141,616,64,506,869,244
2011,79,168,86,58,49,128,704,95,506,869,645
2011,229,160,86,65,65,252,69,311,506,869,55
2011,230,169,86,65,105,108,220,69,506,869,369
2011,232,170,86,65,114,170,655,39,506,869,734
2011,242,171,86,65,127,207,69,50,506,869,2
2011,52,177,86,56,65,160,259,50,506,869,961
2011,75,175,86,58,49,170,349,74,506,869,142
2011,231,178,86,111,54,128,261,50,506,869,2
2011,241,179,86,157,70,207,554,358,506,869,1069
2011,111,225,86,65,70,170,397,39,506,869,589
2011,245,222,86,65,79,114,265,185,506,869,985
2011,112,228,86,63,65,199,542,50,506,869,307
2011,246,263,86,65,56,114,290,197,506,869,535
2011,235,269,86,70,59,141,229,214,506,869,301
2011,220,286,86,65,48,128,283,214,506,869,256
2011,247,285,86,70,67,92,232,95,506,869,369
2011,76,330,86,65,14,108,663,142,506,869,31
2011,77,329,86,65,22,141,614,153,506,869,911
2011,226,332,86,61,65,114,75,214,506,869,2
2011,227,334,86,65,73,128,1,304,506,869,2
2011,228,331,86,61,54,114,971,268,506,869,401
2011,248,327,86,39,50,128,235,214,506,869,1094
2011,113,521,86,63,62,150,330,46,506,869,973
2011,221,577,86,96,73,179,365,46,506,869,2
2011,222,578,86,28,67,141,501,309,506,869,172
2011,224,580,86,61,69,114,416,197,506,869,765
2011,238,579,86,27,164,141,226,39,506,869,560
2011,240,576,86,47,77,189,226,311,506,869,401
2011,223,660,86,61,56,114,244,203,506,869,2
2011,244,661,86,65,36,128,294,255,506,869,369
2011,81,112,88,79,137,150,160,95,151,412,578
2011,39,220,88,54,91,43,665,357,145,493,708
2011,80,312,88,46,127,128,224,192,174,320,422
2011,82,522,88,87,137,141,149,95,145,473,637
2011,38,625,88,77,135,141,320,371,197,473,699
2011,120,584,92,69,143,141,424,39,15,304,76
2011,121,582,92,69,142,128,436,46,15,466,256
2011,122,590,92,67,109,150,426,46,15,714,589
2011,123,588,92,68,105,141,445,56,15,798,468
2010,184,98,21,156,67,179,214,239,339,661,734
2010,185,85,21,156,35,179,583,124,403,869,1094
2010,186,84,21,155,49,189,648,224,345,869,1094
2010,187,95,21,159,70,207,565,407,382,869,1094
2010,188,92,21,154,95,199,665,407,385,534,561
2010,189,100,21,158,95,170,671,407,435,869,1094
2010,190,94,21,160,79,207,544,407,436,575,1094
2010,191,97,21,155,70,199,937,407,305,575,625
2010,100,28,52,96,56,235,710,271,125,569,962
2010,101,479,52,111,119,232,729,177,102,781,175
2010,102,461,52,111,105,242,423,256,165,835,372
2010,103,454,52,149,143,189,976,391,113,341,33
2010,7,14,52,134,79,207,886,210,71,449,890
2010,40,16,52,170,165,150,183,330,48,800,536
2010,43,297,52,133,29,199,944,360,140,569,1073
2010,33,663,101,149,95,84,742,90,201,1,765
2010,56,665,101,142,95,92,187,69,168,575,1086
2010,34,274,101,145,84,92,724,90,103,798,142
2010,57,276,101,142,87,79,283,177,121,191,185
2010,58,203,101,116,109,77,775,81,228,758,67
2010,63,24,101,133,124,75,781,206,207,798,87
2010,138,451,101,145,109,92,209,95,195,242,240
2010,137,453,101,120,114,78,862,74,118,798,139
2010,61,219,101,142,133,77,781,46,107,105,207
2010,132,218,101,133,119,77,822,64,151,758,145
2010,134,250,101,125,105,73,971,95,182,832,132
2010,60,267,101,135,119,77,945,64,173,714,74
2010,136,290,101,128,84,77,50,69,158,798,196
2010,133,508,101,145,79,128,881,90,130,81,240
2010,135,506,101,151,79,108,813,81,162,798,155
2010,62,535,101,159,109,84,781,64,159,52,28
2010,59,638,101,133,100,77,781,30,154,798,272
2010,194,9,101,139,105,218,80,265,156,444,756
2010,53,40,101,96,114,199,939,259,20,798,233
2010,195,38,101,178,109,160,839,264,43,869,1094
2010,196,43,101,178,129,150,881,255,62,869,1094
2010,4,205,101,77,114,170,489,297,357,849,561
2010,197,207,101,171,65,235,548,388,356,214,920
2010,11,243,101,160,109,179,929,268,113,487,815
2010,130,246,101,158,87,170,783,295,289,591,951
2010,198,245,101,142,59,218,613,400,229,125,408
2010,199,241,101,139,109,170,854,265,75,645,891
2010,129,300,101,145,31,170,256,281,420,255,250
2010,200,301,101,135,129,235,408,192,27,466,961
2010,10,358,101,121,100,170,103,271,113,675,1001
2010,54,361,101,137,95,179,125,277,113,133,606
2010,201,354,101,112,77,160,697,334,347,806,328
2010,202,360,101,112,95,170,95,268,130,247,582
2010,203,356,101,111,91,160,133,274,187,75,421
2010,204,357,101,109,100,160,128,264,154,151,521
2010,205,365,101,109,95,170,979,271,148,185,337
2010,206,378,101,102,105,199,176,268,119,554,37
2010,131,511,101,57,84,179,38,215,297,661,9
2010,207,513,101,58,119,170,273,192,166,575,986
2010,208,518,101,56,100,179,180,203,261,575,55
2010,209,509,101,56,95,179,273,200,84,714,55
2010,210,510,101,56,100,207,539,200,222,466,1042
2010,211,534,101,130,119,199,296,256,148,586,1052
2010,212,528,101,130,119,218,251,256,131,482,1023
2010,213,530,101,133,119,207,250,263,121,507,1004
2010,214,564,101,178,124,179,482,297,27,869,1094
2010,5,599,101,100,87,199,205,268,185,666,826
2010,6,597,101,97,114,199,56,264,118,260,578
2010,127,604,101,96,95,189,326,264,173,860,391
2010,215,630,101,178,130,242,459,265,23,869,1094
2010,128,652,101,120,109,179,80,192,118,304,937
2010,216,646,101,120,105,199,69,197,250,466,958
2010,217,647,101,116,114,199,75,185,137,466,873
2010,88,387,101,117,59,92,640,69,107,737,700
2010,99,381,101,116,124,108,537,46,66,674,558
2010,116,61,101,96,114,141,781,12,121,561,850
2010,126,58,101,98,114,141,703,17,96,384,691
2010,318,199,101,119,124,128,693,17,71,442,759
2010,319,306,101,128,100,114,781,50,130,561,344
2010,12,56,101,130,91,84,75,46,145,722,502
2010,13,210,101,120,3,128,257,130,263,819,245
2010,14,347,101,127,95,108,666,30,151,620,1050
2010,19,188,101,78,105,160,813,17,113,713,1061
2010,20,46,101,94,127,170,19,17,121,388,659
2010,26,385,101,125,91,99,577,50,71,699,716
2010,27,294,101,100,124,84,636,30,130,113,265
2010,28,279,101,135,129,114,802,30,151,705,159
2010,29,350,101,149,91,84,764,39,275,597,1043
2010,30,5,101,120,95,114,739,30,106,492,884
2010,31,282,101,128,119,128,920,39,170,866,167
2010,44,639,101,125,130,108,732,56,159,258,775
2010,45,0,101,128,62,99,1,30,118,632,994
2010,64,7,101,104,114,114,808,23,125,633,1043
2010,65,25,101,125,119,114,868,17,178,468,816
2010,66,352,101,149,91,99,839,30,242,548,987
2010,67,570,101,127,100,92,8,25,18,457,1043
2010,68,251,101,75,119,108,428,17,56,821,294
2010,69,633,101,100,109,141,645,12,92,353,592
2010,70,566,101,126,100,108,914,39,148,75,402
2010,71,157,101,134,79,128,99,64,75,748,208
2010,72,192,101,112,130,160,706,25,88,124,353
2010,73,342,101,135,133,160,781,39,166,99,343
2010,74,181,101,128,20,79,786,197,247,89,886
2010,139,428,101,102,129,99,724,23,140,436,36
2010,140,419,101,112,114,108,13,23,119,353,874
2010,141,393,101,110,60,114,42,56,170,475,912
2010,142,398,101,137,84,128,161,23,198,363,769
2010,143,346,101,126,100,128,846,12,82,319,665
2010,144,408,101,134,73,79,739,64,162,289,490
2010,145,391,101,145,43,92,971,81,151,401,610
2010,146,410,101,142,56,99,939,95,166,581,939
2010,147,438,101,125,60,79,670,46,15,527,981
2010,148,399,101,135,109,128,920,30,9,468,990
2010,149,404,101,96,24,170,266,74,131,68,371
2010,150,71,101,103,60,150,994,30,71,216,423
2010,151,437,101,134,91,64,813,6,149,114,758
2010,152,21,101,128,109,75,929,17,135,773,266
2010,153,412,101,109,114,92,747,25,118,114,644
2010,154,440,101,137,67,79,893,39,113,229,442
2010,155,389,101,128,105,73,724,12,68,711,1049
2010,156,409,101,145,73,65,24,39,166,773,290
2010,157,337,101,142,84,128,434,64,56,856,143
2010,47,322,101,127,91,189,491,46,370,466,566
2010,173,641,101,117,87,199,313,46,422,466,573
2010,46,194,101,142,127,160,482,304,372,96,269
2010,50,498,101,165,105,207,377,95,172,177,697
2010,83,314,101,127,130,235,361,185,113,520,819
2010,84,319,101,116,135,235,386,74,176,290,681
2010,174,379,101,145,133,218,293,64,20,102,295
2010,175,50,101,80,130,218,376,90,125,113,390
2010,176,48,101,83,129,199,932,95,84,140,424
2010,177,462,101,88,100,114,139,50,90,852,264
2010,178,305,101,109,119,218,330,64,134,71,321
2010,179,155,101,145,100,218,265,46,66,775,178
2010,180,113,101,145,129,253,623,177,6,869,1094
2010,181,113,101,127,87,244,734,177,6,869,1094
2010,182,72,101,127,109,253,378,297,6,869,1094
2010,183,270,101,127,84,92,615,407,506,869,1094
2010,15,538,101,83,129,128,868,74,6,790,71
2010,16,540,101,113,124,108,839,90,11,790,165
2010,17,558,101,116,95,128,80,203,92,368,595
2010,18,546,101,134,109,128,374,95,68,810,196
2010,23,549,101,109,114,114,854,81,113,824,153
2010,24,552,101,87,124,114,868,69,48,810,105
2010,25,536,101,134,109,150,573,197,20,75,291
2010,48,344,101,130,87,189,930,263,113,401,601
2010,254,544,101,77,133,92,233,177,290,833,142
2010,255,556,101,145,109,150,482,95,135,715,234
2010,256,562,101,85,105,99,395,185,292,434,736
2010,257,554,101,85,95,114,544,197,158,82,447
2010,2,143,101,5,91,189,637,162,314,869,1094
2010,3,146,101,70,77,207,912,148,318,869,1094
2010,107,123,101,178,91,248,380,210,165,869,1094
2010,108,140,101,5,109,207,661,162,329,869,1094
2010,0,129,101,42,67,99,900,103,346,268,962
2010,1,116,101,39,54,108,48,246,467,168,701
2010,22,148,101,39,54,92,918,120,381,446,1070
2010,55,131,101,37,59,99,12,253,482,253,809
2010,96,105,101,173,30,218,953,56,215,661,76
2010,97,106,101,176,54,232,695,50,102,575,985
2010,92,149,101,37,55,114,74,241,440,205,720
2010,106,193,101,111,50,207,754,351,439,343,737
2010,86,73,101,43,49,99,959,240,501,374,713
2010,87,592,101,43,62,108,942,143,474,850,340
2010,89,74,101,43,56,189,31,246,489,314,725
2010,90,75,101,47,43,189,72,282,499,309,705
2010,91,593,101,42,50,92,958,141,419,716,22
2010,93,78,101,39,47,92,110,278,450,326,655
2010,94,596,101,39,49,99,94,247,438,148,517
2010,95,232,101,50,59,160,651,30,158,575,1041
2010,192,293,101,57,137,242,601,50,13,214,523
2010,193,292,101,59,100,237,584,71,27,52,468
2010,105,291,101,52,142,235,593,25,13,105,401
2010,37,167,101,77,53,221,195,207,506,869,219
2010,51,164,101,56,68,130,205,78,506,869,345
2010,52,177,101,77,73,114,468,193,506,869,1048
2010,75,261,101,65,78,174,371,177,506,869,351
2010,76,159,101,65,23,164,543,389,506,869,869
2010,77,156,101,77,26,181,610,341,506,869,767
2010,78,230,101,77,64,171,261,182,506,869,132
2010,79,299,101,65,57,175,224,193,506,869,327
2010,38,625,101,85,138,144,408,364,423,527,721
2010,39,257,101,77,94,84,805,348,448,576,833
2010,80,312,101,39,132,132,293,182,384,373,469
2010,81,112,101,77,145,136,152,64,416,386,527
2010,82,522,92,85,145,169,176,72,433,402,580
2010,120,584,92,56,95,160,328,56,506,799,389
2010,121,582,92,56,105,150,349,69,506,869,1084
2010,122,590,92,65,105,128,498,69,506,798,684
2010,123,588,101,65,87,99,505,64,506,279,312
2009,9,335,26,127,127,170,515,23,84,714,76
2009,21,335,25,145,91,179,338,151,113,191,589
2009,184,335,30,157,77,160,78,117,338,262,1046
2009,185,335,32,157,84,170,391,128,332,211,925
2009,186,335,24,157,72,179,407,353,501,262,258
2009,187,335,33,157,95,207,559,407,450,262,258
2009,188,335,27,157,79,170,555,384,416,416,31
2009,189,335,31,157,100,199,540,297,381,160,1068
2009,190,335,28,174,105,232,561,221,264,262,258
2009,191,335,29,157,72,170,847,115,483,758,841
2009,32,335,23,127,127,170,515,23,84,714,76
2009,43,335,89,157,43,242,956,365,113,863,335
2009,124,335,151,127,25,244,65,343,13,654,165
2009,34,335,82,145,65,207,591,56,53,304,734
2009,57,335,83,145,91,108,470,197,5,661,985
2009,63,335,150,96,91,79,690,74,20,798,110
2009,137,335,153,127,124,114,713,192,79,153,315
2009,138,335,152,127,114,108,662,255,90,754,99
2009,4,335,63,127,65,199,902,379,177,587,987
2009,54,335,112,96,109,160,362,274,173,75,415
2009,129,335,91,175,30,189,457,171,288,104,186
2009,130,335,75,170,62,150,969,112,186,432,751
2009,10,335,111,96,114,170,356,274,71,198,596
2009,11,335,74,177,95,235,8,277,71,229,552
2009,88,335,115,127,143,78,170,46,88,53,921
2009,99,335,113,111,109,108,599,25,56,410,169
2009,116,335,16,111,109,114,888,12,62,572,933
2009,126,335,15,96,100,114,726,17,79,610,942
2009,318,335,62,111,127,128,666,23,170,359,680
2009,319,335,93,127,100,99,813,56,113,481,12
2009,12,335,14,145,91,92,42,50,106,171,906
2009,13,335,64,96,4,92,612,117,262,585,828
2009,14,335,108,111,109,84,37,39,118,689,35
2009,26,335,114,127,87,92,660,39,68,202,837
2009,27,335,87,96,124,99,42,25,121,54,143
2009,28,335,84,145,105,141,775,69,137,139,719
2009,29,335,109,127,77,99,389,30,92,742,49
2009,31,335,85,127,119,128,747,25,176,689,1035
2009,64,335,104,96,124,99,854,30,79,515,334
2009,66,335,110,145,77,99,724,64,150,808,156
2009,68,335,77,96,109,99,304,5,48,576,257
2009,69,335,81,111,127,84,627,12,53,368,627
2009,70,335,76,127,79,92,216,39,209,368,580
2009,71,335,102,145,59,141,272,39,20,678,1051
2009,72,335,72,127,129,128,636,46,15,65,286
2009,73,335,18,127,133,99,702,46,15,723,1079
2009,139,335,137,96,95,99,849,23,90,632,222
2009,140,335,133,96,87,99,95,23,96,526,215
2009,141,335,119,96,62,92,8,30,71,384,284
2009,142,335,123,111,79,128,735,30,227,222,467
2009,143,335,138,111,109,141,846,12,71,121,397
2009,144,335,128,127,100,84,724,30,159,416,736
2009,145,335,143,127,69,99,112,95,102,345,711
2009,146,335,130,127,73,114,881,90,162,452,736
2009,147,335,147,127,59,75,675,46,23,372,1001
2009,148,335,124,127,129,79,888,50,18,434,946
2009,149,335,127,111,33,160,318,56,165,698,109
2009,150,335,122,111,73,141,141,46,23,780,161
2009,151,335,146,127,87,75,781,23,79,331,650
2009,152,335,118,111,95,78,747,39,32,392,610
2009,153,335,132,111,119,79,747,30,20,258,436
2009,154,335,144,127,87,141,842,25,43,82,290
2009,155,335,141,127,127,77,693,30,53,294,546
2009,156,335,129,145,105,84,899,25,71,682,3
2009,157,335,136,127,87,99,493,192,18,807,24
2009,158,335,142,111,70,84,747,69,20,263,444
2009,159,335,135,127,59,150,305,50,40,816,364
2009,160,335,145,111,135,108,813,30,9,250,360
2009,161,335,148,127,69,150,292,64,11,272,443
2009,162,335,134,85,100,78,253,50,48,213,450
2009,163,335,118,127,87,79,606,50,20,240,490
2009,164,335,131,111,79,189,677,6,79,723,143
2009,165,335,120,111,105,179,80,6,40,641,1051
2009,166,335,121,111,119,189,221,12,43,766,227
2009,169,335,139,145,49,92,822,90,71,370,35
2009,170,335,140,127,91,92,87,50,66,252,919
2009,171,335,125,127,10,77,125,192,134,537,1031
2009,172,335,126,127,11,78,854,69,18,462,84
2009,47,335,98,127,114,179,358,46,365,466,1004
2009,83,335,96,127,124,242,495,81,282,408,654
2009,84,335,97,127,133,235,469,69,137,377,643
2009,174,335,95,127,127,232,356,56,137,135,339
2009,180,335,35,174,135,207,349,297,311,869,1094
2009,181,335,35,174,119,189,595,255,328,869,1094
2009,182,335,19,174,105,170,484,371,324,869,1094
2009,183,335,80,127,56,248,602,255,310,869,1094
2009,48,335,107,96,100,170,722,177,84,211,408
2009,46,335,61,111,114,150,445,400,206,817,277
2009,109,335,103,127,87,128,480,39,506,628,745
2009,110,335,73,145,95,141,399,69,506,777,785
2009,0,335,41,56,73,160,873,356,352,54,728
2009,1,335,36,47,54,170,947,129,458,802,963
2009,2,335,47,56,87,141,39,390,503,869,1094
2009,3,335,48,39,67,235,958,110,496,869,1094
2009,22,335,49,56,55,99,905,378,360,140,1044
2009,55,335,42,47,67,160,985,129,454,802,929
2009,86,335,37,39,69,170,987,400,413,664,412
2009,87,335,43,47,60,170,887,98,413,761,762
2009,89,335,20,47,50,170,912,169,463,850,963
2009,90,335,38,65,25,160,15,119,444,476,438
2009,91,335,44,47,47,150,944,101,419,83,79
2009,92,335,50,39,50,179,951,98,450,761,929
2009,93,335,39,77,28,189,62,110,450,835,963
2009,94,335,45,85,28,189,2,98,438,716,858
2009,106,335,40,127,14,248,347,290,477,869,1094
2009,108,335,46,6,124,77,973,384,264,869,1094
2009,95,335,71,65,50,160,415,25,229,466,927
2009,37,335,58,65,133,179,480,69,506,869,185
2009,51,335,57,65,148,170,26,64,506,869,579
2009,52,335,59,65,157,207,350,56,506,869,969
2009,75,335,60,85,153,170,499,69,506,869,118
2009,76,335,100,85,14,160,714,406,506,869,761
2009,77,335,99,85,135,160,725,100,506,869,837
2009,78,335,70,85,139,189,273,56,506,869,61
2009,79,335,90,96,142,189,312,203,506,869,1019
2009,111,335,68,85,129,189,335,90,506,869,165
2009,112,335,69,65,146,199,273,177,506,869,961
2009,39,335,67,28,154,150,133,30,506,869,312
2009,35,335,54,127,95,199,176,56,1,310,526
2009,36,335,53,145,84,189,229,214,13,615,810
2009,98,335,17,127,69,207,244,264,48,636,842
2009,80,335,94,47,87,131,282,258,387,348,472
2009,81,335,34,77,149,119,20,50,381,347,512
2008,32,83,101,178,165,189,441,407,354,869,1094
2008,9,91,101,85,124,207,417,4,27,279,735
2008,21,89,101,85,54,170,17,402,167,165,468
2008,100,28,101,111,56,207,707,211,159,732,135
2008,101,479,101,127,73,242,776,196,113,445,915
2008,102,461,101,157,77,235,938,95,119,218,612
2008,103,454,101,111,8,207,36,380,166,433,969
2008,7,15,101,145,105,232,529,214,84,497,724
2008,8,236,101,85,47,189,70,376,148,867,418
2008,41,238,101,85,73,160,943,342,175,165,505
2008,40,17,101,157,0,141,483,330,467,469,1044
2008,43,298,101,127,24,218,809,348,215,194,576
2008,42,35,101,145,67,232,108,187,13,665,232
2008,124,449,101,127,41,218,635,152,13,707,63
2008,125,587,101,145,84,218,626,92,238,67,275
2008,33,664,101,157,95,207,557,195,2,52,110
2008,56,665,101,127,105,141,49,76,8,341,535
2008,57,277,101,111,91,179,437,312,6,306,674
2008,34,275,101,127,119,232,666,52,3,466,927
2008,58,459,101,96,133,160,971,34,4,384,561
2008,59,493,101,96,129,128,813,202,20,634,992
2008,60,470,101,111,114,160,945,69,3,467,645
2008,132,463,101,145,62,160,868,90,7,534,386
2008,61,465,101,127,100,150,979,64,13,261,345
2008,62,490,101,127,105,114,742,95,4,395,765
2008,63,445,101,85,67,108,813,95,7,806,134
2008,133,484,101,127,59,150,450,76,5,547,153
2008,134,466,101,96,79,141,189,185,11,841,386
2008,136,474,101,167,34,128,450,177,11,507,234
2008,137,453,101,157,105,150,153,206,9,507,42
2008,138,451,101,127,143,141,519,259,53,140,776
2008,5,600,101,96,84,189,80,270,106,208,975
2008,6,598,101,111,87,189,42,264,118,849,518
2008,127,604,101,111,72,150,80,299,168,151,355
2008,53,41,101,85,60,199,42,261,107,229,478
2008,4,206,101,96,73,207,469,339,84,232,21
2008,54,362,101,56,95,150,133,311,195,442,955
2008,10,359,101,56,105,150,50,277,135,643,16
2008,11,244,101,111,100,189,42,302,79,407,856
2008,130,246,101,145,59,128,659,150,102,663,8
2008,128,653,101,47,109,92,452,96,256,575,17
2008,129,300,101,170,4,160,111,328,249,733,98
2008,131,517,101,65,105,92,785,187,388,714,26
2008,88,388,101,145,79,84,228,69,190,532,997
2008,99,382,101,127,127,92,545,17,115,474,25
2008,26,386,101,127,87,99,599,39,182,616,70
2008,169,430,101,127,56,108,702,74,56,695,229
2008,168,478,101,127,105,99,268,56,79,542,243
2008,167,477,101,111,84,78,66,30,137,626,461
2008,170,431,101,127,124,99,643,46,79,388,964
2008,116,62,101,111,105,114,899,6,145,318,746
2008,126,59,101,111,105,128,639,6,266,271,653
2008,318,202,101,145,135,150,655,39,346,401,688
2008,319,307,101,145,119,108,739,69,231,363,910
2008,12,56,101,145,95,78,193,50,209,280,1061
2008,13,210,101,96,13,108,311,340,290,316,510
2008,14,348,101,96,100,77,590,17,220,600,43
2008,29,351,101,96,70,78,802,46,398,680,78
2008,66,353,101,96,56,78,685,39,413,760,208
2008,27,295,101,96,95,77,609,17,300,640,1054
2008,28,281,101,111,95,79,620,23,415,577,1085
2008,31,283,101,111,100,79,685,12,435,663,68
2008,30,6,101,96,95,78,645,17,228,726,10
2008,45,1,101,111,72,79,716,23,432,552,1087
2008,44,640,101,111,133,99,724,23,453,457,199
2008,64,8,101,111,91,99,849,25,392,467,972
2008,65,26,101,145,127,170,846,23,450,655,1063
2008,67,571,101,111,84,99,892,23,348,280,932
2008,68,252,101,96,109,92,513,6,256,1,446
2008,69,634,101,111,105,99,645,6,261,467,173
2008,70,567,101,145,72,141,812,23,452,101,619
2008,71,158,101,127,87,141,254,39,475,784,271
2008,72,192,101,127,127,99,781,30,390,455,1053
2008,73,343,101,127,133,92,775,12,426,817,740
2008,74,182,101,157,21,99,350,185,447,342,893
2008,139,428,101,111,119,108,945,50,113,725,208
2008,140,419,101,111,87,99,50,12,48,167,524
2008,141,393,101,111,33,114,24,23,27,416,987
2008,142,398,101,127,129,160,210,25,236,702,1053
2008,143,429,101,127,105,114,881,30,290,336,709
2008,144,407,101,111,65,84,868,95,13,140,324
2008,145,434,101,167,62,84,8,297,13,494,908
2008,146,410,101,157,50,108,955,46,13,774,38
2008,147,438,101,127,70,78,935,23,13,729,174
2008,148,399,101,111,127,92,739,6,68,461,1032
2008,149,404,101,127,70,179,267,25,68,611,4
2008,150,396,101,127,79,99,398,12,27,670,43
2008,151,437,101,111,127,75,636,23,48,192,21
2008,152,392,101,111,133,78,577,12,48,63,417
2008,153,412,101,85,135,92,485,5,27,655,112
2008,154,435,101,127,62,65,753,25,13,702,136
2008,155,432,101,127,129,75,467,30,84,755,21
2008,156,409,101,127,95,65,557,23,13,689,239
2008,157,423,101,127,91,84,63,23,68,818,270
2008,158,433,101,111,124,65,577,25,150,613,174
2008,159,421,101,145,84,84,969,46,84,811,190
2008,160,436,101,111,133,92,685,17,68,233,486
2008,161,439,101,111,127,84,797,64,137,131,460
2008,162,420,101,111,130,128,860,25,13,167,448
2008,164,411,101,96,46,160,617,6,27,442,38
2008,165,394,101,111,105,128,240,6,68,402,798
2008,171,402,101,145,12,77,263,255,125,749,348
2008,172,403,101,145,27,75,899,177,20,418,91
2008,47,323,101,127,109,207,654,29,200,198,820
2008,49,503,101,170,135,235,422,92,221,295,520
2008,50,500,101,170,105,207,231,76,346,613,972
2008,83,316,101,127,130,242,369,203,203,408,660
2008,84,321,101,96,133,235,369,60,259,313,524
2008,85,23,101,96,114,189,752,2,299,869,1094
2008,15,539,101,85,133,92,75,48,27,759,257
2008,16,541,101,111,105,92,259,93,48,101,408
2008,17,561,101,127,105,99,247,189,43,412,630
2008,18,547,101,127,109,141,415,89,20,82,302
2008,23,550,101,111,127,92,977,54,38,773,173
2008,24,553,101,96,129,99,939,41,27,831,240
2008,25,537,101,127,124,150,625,196,23,376,641
2008,48,345,101,111,105,189,867,195,103,599,926
2008,46,195,101,96,109,160,402,307,220,498,1022
2008,110,240,101,145,114,160,645,39,506,654,936
2008,109,338,101,167,114,160,590,39,506,105,993
2008,173,494,101,157,135,235,298,46,175,1,2
2008,105,476,101,65,142,242,741,12,506,105,419
2008,106,193,101,77,36,207,175,146,170,869,1094
2008,104,488,101,65,54,207,843,265,506,701,596
2008,0,129,101,39,72,150,841,338,350,295,325
2008,1,116,101,47,60,170,46,249,423,644,341
2008,2,143,101,157,100,114,45,158,343,869,1094
2008,3,145,101,157,79,128,135,228,334,869,1094
2008,22,148,101,47,69,160,856,102,369,690,692
2008,55,132,101,47,55,150,997,244,409,499,128
2008,86,73,101,39,55,160,866,375,384,123,1045
2008,87,592,101,39,56,150,877,124,378,344,85
2008,89,74,101,47,47,150,928,234,429,523,376
2008,90,75,101,47,46,150,76,163,439,248,929
2008,91,593,101,39,47,170,79,230,410,141,978
2008,92,149,101,47,59,179,16,254,433,447,192
2008,93,78,101,47,65,189,992,252,421,142,618
2008,94,596,101,47,67,189,981,242,417,354,938
2008,107,456,101,85,87,218,565,301,210,869,1094
2008,108,140,101,167,105,128,989,240,400,869,1094
2008,95,233,101,47,62,207,624,81,115,466,832
2008,37,167,101,111,139,99,86,50,506,869,126
2008,51,164,101,96,79,160,145,90,506,869,55
2008,78,230,101,111,144,189,252,95,506,869,126
2008,79,299,101,127,95,170,60,50,506,869,1048
2008,52,177,101,96,139,207,301,25,506,869,952
2008,75,261,101,145,157,232,427,90,506,869,189
2008,111,223,101,127,165,232,828,407,506,869,1094
2008,112,226,101,157,162,189,791,407,506,869,484
2008,76,159,101,111,29,108,576,243,506,869,866
2008,77,156,101,127,65,179,562,235,506,869,607
2008,39,259,101,28,55,44,789,371,375,419,535
2008,120,584,101,96,114,207,95,20,506,869,483
2008,121,582,101,96,124,207,128,31,13,869,483
2008,122,590,101,85,95,232,200,37,506,869,832
2008,123,588,101,85,100,218,283,41,506,869,985
2008,35,154,101,127,77,199,86,61,506,415,561
2008,36,151,101,145,62,160,166,208,9,442,749
2008,98,67,101,127,70,207,221,216,13,678,821
2007,32,83,101,178,165,189,404,407,390,869,1094
2007,9,91,101,85,114,199,634,6,48,242,645
2007,21,89,101,85,50,179,314,393,48,362,883
2007,100,28,101,111,54,199,957,268,506,164,532
2007,101,479,101,127,87,232,658,200,506,115,368
2007,102,461,101,145,100,218,169,215,506,72,325
2007,103,455,101,127,69,189,933,304,113,661,803
2007,7,15,101,157,79,232,954,256,506,59,221
2007,8,236,101,96,50,189,185,100,13,493,165
2007,41,238,101,111,79,170,464,268,48,165,638
2007,40,19,101,111,165,179,719,291,13,466,141
2007,43,298,101,111,43,207,746,297,506,375,739
2007,33,664,101,157,105,179,448,203,13,708,50
2007,56,665,101,145,91,114,242,69,13,695,122
2007,57,277,101,145,91,141,488,74,13,120,314
2007,34,275,101,145,87,199,629,197,13,804,108
2007,58,459,101,111,124,150,839,74,13,206,466
2007,59,493,101,127,124,108,764,185,13,706,18
2007,60,470,101,127,129,141,899,64,13,640,10
2007,61,465,101,127,124,114,899,56,13,57,288
2007,62,490,101,145,129,128,808,177,13,760,158
2007,63,445,101,127,84,92,808,74,13,172,534
2007,5,600,101,96,87,160,13,297,66,125,964
2007,6,598,101,111,100,170,13,277,56,731,878
2007,53,41,101,127,95,179,988,271,68,214,230
2007,4,206,101,127,69,150,709,337,182,96,693
2007,54,362,101,85,87,141,61,277,131,715,627
2007,10,359,101,85,95,150,939,277,125,359,60
2007,11,244,101,56,79,160,73,297,137,241,872
2007,88,388,101,127,65,92,136,81,113,452,899
2007,99,382,101,111,130,108,502,25,84,307,956
2007,26,386,101,127,100,108,609,39,113,363,991
2007,116,62,101,127,109,99,854,12,48,753,93
2007,126,59,101,127,105,114,894,12,48,570,995
2007,318,202,101,145,129,150,666,46,84,503,876
2007,319,307,101,127,124,108,742,69,84,249,795
2007,12,57,101,145,105,92,66,177,137,187,867
2007,13,211,101,127,5,108,340,375,220,188,318
2007,14,348,101,96,119,75,525,17,137,140,293
2007,29,351,101,96,72,77,702,12,159,83,251
2007,66,353,101,96,56,77,724,46,113,129,303
2007,27,295,101,96,100,77,620,23,113,147,324
2007,28,281,101,96,70,77,525,17,84,862,212
2007,31,283,101,96,87,77,577,23,113,161,282
2007,30,6,101,96,95,78,599,17,84,61,154
2007,45,1,101,96,62,77,655,23,137,122,265
2007,44,640,101,127,100,99,899,56,137,231,496
2007,64,8,101,111,87,128,60,64,175,562,806
2007,65,26,101,145,84,141,915,39,113,736,34
2007,67,571,101,127,79,84,979,25,236,74,411
2007,68,252,101,127,109,79,599,12,48,810,459
2007,69,634,101,111,105,84,693,12,48,864,669
2007,70,567,101,127,95,114,71,23,84,519,1079
2007,71,158,101,127,114,150,84,5,84,752,789
2007,72,192,101,127,130,114,702,12,48,163,912
2007,73,343,101,127,129,108,817,5,48,215,950
2007,74,182,101,145,24,92,100,197,159,412,879
2007,47,323,101,127,79,189,568,12,137,145,396
2007,49,503,101,157,139,218,569,185,53,868,430
2007,50,500,101,127,143,232,329,81,140,180,702
2007,83,316,101,157,124,199,389,50,140,865,255
2007,84,321,101,170,100,189,365,69,151,181,514
2007,85,23,101,145,114,235,795,265,236,869,1094
2007,15,548,101,96,130,84,802,39,27,75,522
2007,16,541,101,127,105,84,939,30,15,85,377
2007,17,561,101,145,105,84,117,90,27,457,745
2007,18,547,101,170,137,150,399,95,27,130,400
2007,23,550,101,127,124,79,846,50,18,747,219
2007,24,553,101,111,129,84,846,69,18,864,277
2007,25,537,101,167,133,141,617,203,27,356,678
2007,48,345,101,127,105,150,928,185,90,331,557
2007,46,195,101,111,127,160,204,177,246,512,1093
2007,110,239,101,127,109,150,742,39,506,165,788
2007,109,338,101,145,114,150,732,39,506,575,206
2007,105,476,101,56,139,218,573,203,68,81,385
2007,106,193,101,17,37,218,385,383,186,869,1094
2007,104,488,101,77,54,189,991,173,290,504,943
2007,0,129,101,39,129,179,603,185,240,235,32
2007,1,115,101,47,77,207,790,385,396,550,213
2007,2,142,101,77,54,235,925,245,336,869,1094
2007,3,146,101,96,47,244,1002,240,328,869,1094
2007,22,148,101,47,100,189,615,375,394,349,980
2007,55,130,101,47,84,199,780,374,418,439,95
2007,86,118,101,56,87,199,625,304,360,718,677
2007,87,134,101,56,91,199,820,404,381,301,23
2007,89,120,101,47,87,207,872,126,376,700,365
2007,90,122,101,56,84,199,777,386,438,528,854
2007,91,136,101,47,79,189,644,271,362,822,723
2007,92,149,101,47,73,207,824,401,404,223,69
2007,93,125,101,47,72,207,825,107,431,846,354
2007,94,138,101,47,72,199,829,100,421,719,1082
2007,107,456,101,56,91,242,137,192,6,869,1094
2007,108,140,101,85,95,242,949,245,326,869,1094
2007,117,340,101,145,165,150,1004,349,75,869,1094
2007,118,374,101,157,165,170,1004,349,113,869,1094
2007,119,526,101,145,7,160,1004,331,159,869,1094
2007,95,233,101,28,67,170,237,192,107,661,205
2007,120,585,101,85,100,218,145,6,506,869,483
2007,121,583,101,85,91,218,298,17,506,869,483
2007,122,591,101,77,127,207,348,12,506,869,1094
2007,123,589,101,77,135,218,359,6,506,869,172
2007,37,167,101,65,79,128,139,74,506,869,11
2007,51,164,101,65,87,170,152,185,506,869,814
2007,52,177,101,65,87,189,307,39,506,869,579
2007,75,261,101,65,114,189,328,200,506,53,134
2007,76,159,101,65,34,150,397,318,506,869,607
2007,77,156,101,65,35,179,354,297,506,869,621
2007,78,230,101,77,119,160,213,177,506,869,1034
2007,79,299,101,65,119,150,112,177,506,869,833
2007,111,224,101,56,70,189,412,81,506,869,71
2007,112,227,101,77,148,218,570,25,506,869,257
2007,38,626,101,39,143,150,350,338,299,331,592
2007,39,258,101,17,77,43,858,340,389,493,684
2007,80,312,101,6,142,128,229,81,273,216,316
2007,81,112,101,28,62,150,205,81,288,331,442
2007,82,523,101,17,114,128,221,81,372,396,596
2007,35,153,101,111,59,170,86,64,6,315,447
2007,36,151,101,111,49,170,160,0,15,480,675
2007,98,67,101,111,62,170,117,255,7,538,801
2007,113,521,101,65,109,150,369,69,506,869,74
2006,32,83,101,178,165,191,238,407,304,869,1094
2006,9,91,101,85,120,223,481,70,15,406,735
2006,21,89,101,90,32,129,413,397,61,553,143
2006,100,28,101,56,61,220,857,316,196,429,175
2006,101,479,101,90,117,225,712,316,235,154,540
2006,102,461,101,153,91,238,230,337,255,842,386
2006,103,454,101,90,165,216,952,141,118,466,2
2006,7,15,101,145,67,241,553,313,130,624,916
2006,8,236,101,103,76,198,975,259,30,623,190
2006,41,238,101,103,75,190,815,306,58,622,142
2006,40,17,101,127,165,151,212,326,111,758,985
2006,42,35,101,111,140,246,343,68,77,575,734
2006,43,298,101,92,54,222,689,256,160,267,382
2006,33,664,101,123,96,200,196,191,19,304,833
2006,56,665,101,123,58,119,650,69,175,779,410
2006,57,277,101,157,87,174,174,178,31,259,635
2006,34,275,101,131,79,218,346,73,164,869,1019
2006,58,459,101,105,129,103,531,81,206,507,207
2006,59,493,101,141,133,107,334,56,39,151,531
2006,60,470,101,127,128,141,337,66,27,586,459
2006,61,465,101,131,134,113,14,40,424,261,1076
2006,62,490,101,114,121,185,608,83,125,261,26
2006,63,445,101,135,114,101,676,73,21,296,781
2006,5,600,101,122,93,153,129,298,86,798,272
2006,6,598,101,140,100,161,91,276,73,832,210
2006,53,41,101,138,119,180,10,315,53,52,181
2006,4,206,101,105,85,159,720,338,497,191,317
2006,54,362,101,107,90,168,317,272,87,52,242
2006,10,359,101,132,86,138,335,311,99,261,471
2006,11,244,101,32,100,173,206,309,168,362,495
2006,88,388,101,146,79,83,941,85,91,401,779
2006,99,382,101,118,126,91,909,44,65,346,709
2006,26,386,101,115,92,84,102,57,60,514,1015
2006,116,62,101,137,110,119,274,10,16,229,665
2006,126,59,101,138,105,134,922,7,30,380,711
2006,318,202,101,124,118,155,33,38,105,380,608
2006,319,307,101,129,115,100,201,64,112,411,719
2006,12,57,101,119,104,95,81,75,113,456,807
2006,13,211,101,136,41,107,696,366,253,337,506
2006,14,348,101,111,109,108,354,24,120,308,403
2006,29,351,101,103,108,110,453,19,155,281,386
2006,66,353,101,99,89,92,380,42,170,325,434
2006,27,295,101,108,99,117,426,32,204,369,537
2006,28,281,101,108,112,117,426,26,113,216,356
2006,31,283,101,103,102,112,507,32,128,300,356
2006,30,6,101,111,101,120,177,21,124,179,338
2006,45,1,101,108,102,103,384,30,180,275,456
2006,44,640,101,127,125,112,869,46,199,216,371
2006,64,8,101,111,80,114,21,28,244,140,356
2006,65,26,101,135,108,139,520,13,81,715,691
2006,67,571,101,135,88,96,524,17,83,613,1081
2006,68,252,101,145,116,85,167,13,21,289,959
2006,69,634,101,141,97,139,376,19,125,517,987
2006,70,567,101,127,107,128,271,23,98,249,816
2006,71,158,101,151,85,148,392,23,93,166,682
2006,72,192,101,127,116,133,382,3,64,527,100
2006,73,343,101,135,114,145,471,23,37,500,1060
2006,74,182,101,145,33,89,122,188,100,342,678
2006,47,323,101,143,81,156,594,27,245,513,332
2006,83,316,101,47,109,242,330,214,353,167,346
2006,84,321,101,77,137,249,302,17,405,244,562
2006,85,23,101,174,127,252,705,30,467,869,1094
2006,15,539,101,119,141,88,284,69,9,383,892
2006,16,541,101,145,70,92,32,39,74,395,814
2006,17,561,101,169,113,101,182,69,56,521,1086
2006,18,547,101,178,61,149,342,58,72,81,505
2006,23,550,101,157,131,93,972,69,80,52,419
2006,24,553,101,145,122,87,166,46,68,341,952
2006,25,537,101,178,45,135,723,181,68,395,37
2006,48,345,101,119,111,194,727,177,55,502,804
2006,46,195,101,114,106,143,463,269,265,487,970
2006,109,338,101,105,100,157,967,59,506,714,638
2006,110,240,101,101,103,160,241,77,506,451,708
2006,107,456,101,49,71,210,950,308,506,869,1094
2006,0,129,101,13,74,166,506,262,171,382,916
2006,1,116,101,7,56,211,890,115,276,476,588
2006,22,148,101,17,52,166,737,115,252,535,440
2006,55,132,101,10,51,183,877,123,298,364,487
2006,86,118,101,11,56,166,575,369,256,423,662
2006,87,134,101,5,105,160,622,338,251,730,1055
2006,89,120,101,11,43,166,874,135,282,524,1009
2006,90,122,101,17,66,160,641,398,269,541,1033
2006,91,136,101,11,59,160,580,359,256,379,777
2006,92,149,101,17,43,202,913,221,256,69,968
2006,93,125,101,21,39,196,927,223,286,251,168
2006,94,138,101,24,42,194,904,219,278,564,45
2006,2,143,101,17,61,185,819,157,402,869,1094
2006,3,146,101,28,40,211,885,148,342,869,1094
2006,108,140,101,11,82,218,883,129,343,869,1094
2006,104,488,101,23,98,214,965,325,194,859,231
2006,105,476,101,34,124,258,526,313,397,105,369
2006,106,193,101,56,83,217,549,140,506,869,1094
2006,95,233,101,39,77,141,1004,256,84,575,141
2006,117,339,101,96,3,160,800,394,493,869,1094
2006,118,373,101,111,165,218,67,127,504,869,1094
2006,119,525,101,111,165,141,963,118,491,869,1094
2006,38,626,101,6,124,128,268,336,381,166,257
2006,39,220,101,5,48,41,538,358,360,507,722
2006,80,312,101,1,154,128,247,74,470,263,448
2006,81,112,101,2,15,141,198,39,448,384,561
2006,82,523,101,3,157,160,217,90,498,342,447
2006,120,584,101,72,136,184,1004,12,506,869,1094
2006,121,582,101,73,123,239,1004,17,506,869,1094
2006,122,590,101,74,151,212,244,6,506,869,1094
2006,123,588,101,72,155,206,341,12,506,869,1094
2005,320,323,101,127,67,195,563,86,303,413,268
2005,320,83,101,178,165,204,370,104,481,869,1094
2005,320,79,101,178,165,265,1004,39,221,106,591
2005,320,80,101,178,165,265,1004,114,478,107,875
2005,320,91,101,96,124,210,528,87,146,790,370
2005,320,89,101,111,55,152,270,174,126,855,129
2005,320,28,101,145,79,236,661,109,110,169,276
2005,320,479,101,111,124,234,744,297,106,192,447
2005,320,461,101,127,79,224,58,332,110,768,742
2005,320,454,101,127,37,219,18,139,257,714,579
2005,320,664,101,145,124,171,394,314,188,56,73
2005,320,665,101,127,109,81,473,198,63,105,63
2005,320,277,101,145,137,98,409,213,101,138,142
2005,320,275,101,145,100,164,534,94,216,138,165
2005,320,459,101,127,146,97,535,204,281,138,189
2005,320,493,101,127,143,76,281,199,46,105,189
2005,320,470,101,145,135,86,92,194,232,138,218
2005,320,465,101,145,152,87,264,201,76,383,189
2005,320,490,101,127,135,82,472,190,33,52,149
2005,320,445,101,127,129,74,174,79,76,105,142
2005,320,15,101,178,114,240,642,303,97,853,439
2005,320,236,101,178,72,165,878,357,10,106,698
2005,320,238,101,111,41,187,455,372,85,62,298
2005,320,17,101,111,37,61,750,327,141,466,2
2005,320,35,101,178,69,192,810,186,200,68,834
2005,320,298,101,178,77,232,767,344,225,558,609
2005,320,143,101,4,79,215,717,403,333,869,43
2005,320,146,101,28,84,233,792,119,309,869,961
2005,320,195,101,111,119,150,439,74,134,777,1069
2005,320,338,101,127,129,158,405,59,38,869,589
2005,320,240,101,127,127,160,375,297,9,869,814
2005,320,388,101,178,72,92,148,84,91,243,613
2005,320,382,101,178,129,97,578,49,50,121,482
2005,320,386,101,178,119,104,600,58,40,185,600
2005,320,62,101,178,105,115,840,9,17,196,565
2005,320,59,101,178,105,121,848,11,51,327,706
2005,320,202,101,178,105,132,546,47,25,101,856
2005,320,307,101,178,124,105,749,80,124,128,573
2005,320,57,101,178,79,94,27,55,122,130,580
2005,320,211,101,178,95,106,400,62,267,387,544
2005,320,348,101,178,109,119,694,18,144,199,506
2005,320,351,101,178,73,104,799,35,189,281,581
2005,320,353,101,178,62,111,855,45,129,658,1010
2005,320,295,101,178,100,116,802,22,185,325,647
2005,320,281,101,178,109,111,733,16,108,291,547
2005,320,283,101,178,91,121,748,16,98,152,420
2005,320,6,101,178,105,137,788,15,114,256,453
2005,320,1,101,178,70,102,854,23,89,287,562
2005,320,640,101,178,105,108,823,23,162,83,251
2005,320,8,101,178,119,109,899,23,196,818,164
2005,320,26,101,178,84,146,803,43,59,864,829
2005,320,571,101,178,84,119,882,20,52,401,972
2005,320,252,101,178,109,95,525,12,12,139,333
2005,320,634,101,178,87,104,667,22,44,299,561
2005,320,567,101,178,105,164,275,48,23,336,893
2005,320,158,101,178,105,140,303,35,35,128,754
2005,320,192,101,178,119,121,743,14,29,114,749
2005,320,343,101,178,114,154,814,8,11,166,690
2005,320,182,101,178,21,80,23,178,227,151,592
2005,320,600,101,111,100,186,119,319,123,81,402
2005,320,598,101,178,105,197,97,310,113,105,380
2005,320,41,101,178,91,162,146,309,92,138,319
2005,320,206,101,178,56,174,700,405,291,758,323
2005,320,362,101,178,91,163,120,335,192,81,370
2005,320,359,101,178,95,176,178,320,171,214,575
2005,320,244,101,178,95,203,151,311,138,191,310
2005,320,167,101,178,139,211,876,255,506,869,788
2005,320,164,101,178,129,128,908,179,506,869,674
2005,320,230,101,178,114,218,882,266,506,869,684
2005,320,299,101,178,109,201,924,260,506,869,862
2005,320,177,101,178,127,205,118,300,506,869,892
2005,320,261,101,178,142,207,139,264,506,869,774
2005,320,159,101,178,65,90,90,111,506,869,516
2005,320,156,101,178,114,172,150,392,506,869,407
2005,320,626,101,39,95,146,306,377,352,319,465
2005,320,220,101,17,87,42,771,333,467,261,684
2005,320,312,101,5,119,132,192,185,220,238,371
2005,320,112,101,28,143,132,194,97,506,363,501
2005,320,523,101,47,146,141,204,188,506,420,640
2005,320,584,101,85,129,92,1004,407,506,869,1094
2005,320,582,101,85,105,78,1004,407,506,869,1094
2005,320,590,101,85,77,146,1004,407,506,869,1094
2005,320,588,101,96,130,150,1004,407,506,869,1094
2005,320,503,101,127,130,207,446,88,140,778,249
2005,320,500,101,157,130,164,479,195,181,197,331
2005,320,316,101,111,73,185,336,257,205,408,39
2005,320,321,101,170,84,172,310,191,184,438,685
2005,320,23,101,145,77,247,934,407,301,869,1094
2005,320,456,101,178,143,213,527,212,66,869,1094
2005,320,129,101,85,127,160,215,180,150,201,557
2005,320,116,101,178,54,162,673,134,360,116,259
2005,320,148,101,127,84,188,566,365,270,227,731
2005,320,132,101,127,77,188,668,132,371,652,438
2005,320,73,101,85,105,172,522,305,239,99,493
2005,320,592,101,96,100,169,517,275,270,692,47
2005,320,74,101,111,72,177,617,387,360,582,347
2005,320,75,101,85,91,170,547,306,296,95,202
2005,320,593,101,85,109,170,504,273,217,307,562
2005,320,149,101,96,56,177,674,136,365,609,379
2005,320,78,101,127,55,170,698,137,351,830,593
2005,320,596,101,127,56,172,688,149,365,134,676
2005,320,140,101,6,79,193,611,371,319,869,658
2005,320,110,101,178,46,243,579,63,9,165,173
2005,320,108,101,178,43,250,568,53,32,433,43
2005,320,488,101,65,38,195,853,292,395,103,476
2005,320,476,101,56,142,245,779,309,169,165,484
2005,320,193,101,178,43,251,77,288,448,869,1094
2005,320,233,101,178,55,219,220,67,30,242,170
2005,320,539,101,85,130,182,936,65,152,493,120
2005,320,541,101,111,95,158,225,267,83,631,193
2005,320,561,101,127,105,142,248,82,47,724,454
2005,320,547,101,178,100,189,435,51,41,105,535
2005,320,550,101,127,119,118,980,33,28,52,419
2005,320,553,101,111,129,128,940,36,42,419,20
2005,320,537,101,178,95,208,769,209,72,576,283
2005,320,345,101,127,95,178,740,183,70,196,433
2005,320,154,101,127,62,147,870,184,506,580,752
2005,320,151,101,157,62,167,22,91,54,627,796
2005,320,67,101,145,60,167,9,205,49,681,816
2004,47,324,101,157,137,36,756,81,359,305,30
2004,33,664,101,145,130,56,761,264,506,869,118
2003,56,665,101,145,114,52,758,200,506,869,244
2003,57,277,101,145,124,33,831,90,506,869,225
2003,34,275,101,145,139,48,587,304,506,869,200
2003,58,459,101,127,114,256,838,316,13,2,155
2003,59,493,101,145,105,125,835,90,506,869,236
2003,60,470,101,127,119,1,838,177,13,2,137
2003,61,465,101,111,114,231,836,90,506,869,155
2003,62,490,101,145,124,122,896,95,506,869,177
2003,63,445,101,127,95,229,831,95,506,869,230
2003,320,335,101,178,165,265,1004,407,506,869,1094
2003,9,91,101,127,142,49,834,39,506,869,794
2003,21,89,101,127,130,31,465,112,506,869,147
2003,100,28,101,157,143,68,832,203,506,869,775
2003,101,479,101,145,143,57,586,177,506,869,881
2003,102,461,101,145,143,59,831,255,506,869,28
2003,103,454,101,170,137,11,588,172,506,869,862
2003,7,15,101,157,142,20,838,265,506,869,313
2003,8,236,101,127,130,8,682,297,506,869,617
2003,41,238,101,127,130,126,679,340,506,869,548
2003,40,17,101,111,38,264,0,350,506,869,560
2003,42,35,101,127,135,7,589,368,346,304,6
2003,43,298,101,127,142,72,589,90,506,869,464
2003,46,195,101,111,135,55,759,200,206,44,918
2003,88,380,101,127,87,19,683,81,142,32,1075
2003,99,382,101,111,105,123,835,69,57,13,1036
2003,26,386,101,127,109,54,762,39,28,7,953
2003,116,62,101,127,109,123,762,6,53,12,988
2003,126,60,101,127,114,260,761,12,67,15,1006
2003,318,198,101,77,109,50,763,46,45,11,1074
2003,319,307,101,127,119,67,763,64,104,23,865
2003,12,57,101,127,109,2,758,50,94,20,842
2003,13,214,101,111,105,53,682,46,208,45,473
2003,14,348,101,111,127,70,830,17,104,23,489
2003,29,349,101,96,109,23,684,50,162,41,386
2003,66,353,101,111,105,122,679,30,132,28,496
2003,27,295,101,145,124,254,762,25,69,16,104
2003,28,281,101,111,114,51,833,6,100,22,603
2003,31,283,101,96,114,66,761,12,84,18,469
2003,30,6,101,96,119,70,762,12,95,21,486
2003,45,1,101,96,114,124,758,17,78,17,569
2003,44,640,101,111,105,226,760,17,148,36,127
2003,64,8,101,96,105,255,759,30,117,26,127
2003,65,26,101,77,114,127,758,50,58,14,143
2003,67,571,101,127,105,257,763,30,86,19,208
2003,68,252,101,111,109,46,830,12,34,9,200
2003,69,635,101,111,105,58,763,12,26,6,1047
2003,70,567,101,96,124,30,759,30,133,29,164
2003,71,158,101,85,114,37,761,46,147,35,853
2003,72,192,101,85,119,230,832,5,116,25,1087
2003,73,343,101,85,119,229,830,6,36,10,954
2003,74,183,101,145,91,47,466,95,183,43,877
2003,5,601,101,96,135,38,760,345,219,48,355
2003,6,598,101,111,137,22,763,332,136,30,327
2003,53,41,101,77,135,3,762,336,109,24,319
2003,4,206,101,85,130,24,681,362,143,33,357
2003,54,362,101,111,127,18,755,343,160,39,349
2003,10,359,101,127,129,17,757,356,163,42,428
2003,11,244,101,96,129,13,683,347,127,27,329
2003,37,167,101,47,127,5,831,200,506,869,986
2003,51,164,101,47,129,228,835,50,506,869,873
2003,78,230,101,47,130,230,834,259,506,869,883
2003,79,299,101,47,127,261,833,95,506,869,973
2003,52,177,101,47,129,9,835,210,506,869,920
2003,75,261,101,47,129,14,761,56,506,869,952
2003,76,159,101,65,127,6,897,159,506,869,358
2003,77,156,101,47,130,10,466,166,506,869,398
2003,38,626,101,39,109,35,757,367,506,869,475
2003,39,220,101,8,28,60,683,347,506,869,535
2003,80,312,101,5,109,14,833,192,506,869,198
2003,81,112,101,39,109,15,838,90,506,869,393
2003,82,523,101,47,114,15,833,197,506,869,585
2003,49,503,101,157,143,69,898,74,223,49,839
2003,50,500,101,111,135,39,837,81,213,46,524
2003,83,316,101,157,129,34,762,255,214,47,56
2003,84,321,101,145,124,25,832,185,224,50,728
2003,85,23,101,145,142,262,680,396,241,51,1094
2003,95,233,101,47,133,29,757,95,14,3,37
2003,15,539,101,145,124,17,835,56,24,5,530
2003,16,541,101,167,127,21,761,69,22,4,281
2003,17,560,101,145,119,32,762,197,157,38,561
2003,18,547,101,178,130,40,832,50,153,37,560
2003,23,550,101,127,109,16,831,177,139,31,602
2003,24,553,101,127,114,12,835,64,161,40,312
2003,25,537,101,178,139,227,832,210,144,34,307
2003,48,345,101,145,130,71,757,206,31,8,516
2003,35,154,101,127,133,263,756,50,506,869,804
2003,36,151,101,127,135,259,759,56,506,869,800
2003,98,67,101,145,133,4,682,46,506,869,787
